pair_idx,nlr_id,hetc_id,phenotype,confidence,label,proba,pred,correct,n_train,train_pos_frac,pool
0,D1__ChEhDap__confirmed,C1,D1,confirmed,0,0.15487030148506165,0,1,274,0.24817518248175183,mean
1,D1__ChEhDap__confirmed,C2,D1,confirmed,1,0.5476059317588806,1,1,274,0.24452554744525548,mean
2,D1__ChEhDap__confirmed,C3,D1,confirmed,0,0.03555754944682121,0,1,274,0.24817518248175183,mean
3,D1__ChEhDap__confirmed,C4,D1,confirmed,1,0.834209680557251,1,1,274,0.24452554744525548,mean
4,D1__ChEhDap__confirmed,C5,D1,confirmed,0,0.15328235924243927,0,1,274,0.24817518248175183,mean
5,D1__ChEhDap__confirmed,C6,D1,confirmed,0,0.6053627133369446,1,0,274,0.24817518248175183,mean
6,D1__ChEhDap__confirmed,C7,D1,confirmed,1,0.9488522410392761,1,1,274,0.24452554744525548,mean
7,D1__ChEhDap__confirmed,C8,D1,confirmed,1,0.17639197409152985,0,0,274,0.24452554744525548,mean
8,D1__ChEhDap__confirmed,C9,D1,confirmed,1,0.5031978487968445,1,1,274,0.24452554744525548,mean
9,D1__ChEhDap__confirmed,C10,D1,confirmed,1,0.8713578581809998,1,1,274,0.24452554744525548,mean
10,D1__ChEhDap__confirmed,C11,D1,confirmed,1,0.953728437423706,1,1,274,0.24452554744525548,mean
11,D2__CsDfp__confirmed,C1,D2,confirmed,0,0.06286127865314484,0,1,274,0.24817518248175183,mean
12,D2__CsDfp__confirmed,C2,D2,confirmed,0,0.7175661325454712,1,0,274,0.24817518248175183,mean
13,D2__CsDfp__confirmed,C3,D2,confirmed,0,0.017646605148911476,0,1,274,0.24817518248175183,mean
14,D2__CsDfp__confirmed,C4,D2,confirmed,1,0.7883147597312927,1,1,274,0.24452554744525548,mean
15,D2__CsDfp__confirmed,C5,D2,confirmed,0,0.03873765841126442,0,1,274,0.24817518248175183,mean
16,D2__CsDfp__confirmed,C6,D2,confirmed,0,0.1592838317155838,0,1,274,0.24817518248175183,mean
17,D2__CsDfp__confirmed,C7,D2,confirmed,1,0.6594675183296204,1,1,274,0.24452554744525548,mean
18,D2__CsDfp__confirmed,C8,D2,confirmed,0,0.43126624822616577,0,1,274,0.24817518248175183,mean
19,D2__CsDfp__confirmed,C9,D2,confirmed,1,0.11336533725261688,0,0,274,0.24452554744525548,mean
20,D2__CsDfp__confirmed,C10,D2,confirmed,1,0.8218812942504883,1,1,274,0.24452554744525548,mean
21,D2__CsDfp__confirmed,C11,D2,confirmed,1,0.5646320581436157,1,1,274,0.24452554744525548,mean
22,D2__PaYp__confirmed,C1,D2,confirmed,0,0.034007105976343155,0,1,274,0.24817518248175183,mean
23,D2__PaYp__confirmed,C2,D2,confirmed,0,0.5932124853134155,1,0,274,0.24817518248175183,mean
24,D2__PaYp__confirmed,C3,D2,confirmed,0,0.01646609790623188,0,1,274,0.24817518248175183,mean
25,D2__PaYp__confirmed,C4,D2,confirmed,1,0.6278818249702454,1,1,274,0.24452554744525548,mean
26,D2__PaYp__confirmed,C5,D2,confirmed,0,0.06176265701651573,0,1,274,0.24817518248175183,mean
27,D2__PaYp__confirmed,C6,D2,confirmed,0,0.3587547242641449,0,1,274,0.24817518248175183,mean
28,D2__PaYp__confirmed,C7,D2,confirmed,1,0.7325191497802734,1,1,274,0.24452554744525548,mean
29,D2__PaYp__confirmed,C8,D2,confirmed,0,0.5284415483474731,1,0,274,0.24817518248175183,mean
30,D2__PaYp__confirmed,C9,D2,confirmed,1,0.21203237771987915,0,0,274,0.24452554744525548,mean
31,D2__PaYp__confirmed,C10,D2,confirmed,1,0.877703845500946,1,1,274,0.24452554744525548,mean
32,D2__PaYp__confirmed,C11,D2,confirmed,1,0.8427085876464844,1,1,274,0.24452554744525548,mean
33,E1__ChEhDap__confirmed,C1,E1,confirmed,0,0.010184293612837791,0,1,274,0.24817518248175183,mean
34,E1__ChEhDap__confirmed,C2,E1,confirmed,1,0.973334014415741,1,1,274,0.24452554744525548,mean
35,E1__ChEhDap__confirmed,C3,E1,confirmed,0,0.009644604288041592,0,1,274,0.24817518248175183,mean
36,E1__ChEhDap__confirmed,C4,E1,confirmed,0,0.06583365797996521,0,1,274,0.24817518248175183,mean
37,E1__ChEhDap__confirmed,C5,E1,confirmed,0,0.014291347935795784,0,1,274,0.24817518248175183,mean
38,E1__ChEhDap__confirmed,C6,E1,confirmed,0,0.002173596527427435,0,1,274,0.24817518248175183,mean
39,E1__ChEhDap__confirmed,C7,E1,confirmed,1,0.9742035865783691,1,1,274,0.24452554744525548,mean
40,E1__ChEhDap__confirmed,C8,E1,confirmed,1,0.9822447896003723,1,1,274,0.24452554744525548,mean
41,E1__ChEhDap__confirmed,C9,E1,confirmed,0,0.014227855950593948,0,1,274,0.24817518248175183,mean
42,E1__ChEhDap__confirmed,C10,E1,confirmed,0,0.04757895693182945,0,1,274,0.24817518248175183,mean
43,E1__ChEhDap__confirmed,C11,E1,confirmed,0,0.05652816593647003,0,1,274,0.24817518248175183,mean
44,E1__CmEmm__confirmed,C1,E1,confirmed,0,0.007201355416327715,0,1,274,0.24817518248175183,mean
45,E1__CmEmm__confirmed,C2,E1,confirmed,1,0.8760080337524414,1,1,274,0.24452554744525548,mean
46,E1__CmEmm__confirmed,C3,E1,confirmed,0,0.005493787582963705,0,1,274,0.24817518248175183,mean
47,E1__CmEmm__confirmed,C4,E1,confirmed,0,0.06736018508672714,0,1,274,0.24817518248175183,mean
48,E1__CmEmm__confirmed,C5,E1,confirmed,0,0.00708383321762085,0,1,274,0.24817518248175183,mean
49,E1__CmEmm__confirmed,C6,E1,confirmed,0,0.006640011910349131,0,1,274,0.24817518248175183,mean
50,E1__CmEmm__confirmed,C7,E1,confirmed,1,0.9227808117866516,1,1,274,0.24452554744525548,mean
51,E1__CmEmm__confirmed,C8,E1,confirmed,1,0.7971112728118896,1,1,274,0.24452554744525548,mean
52,E1__CmEmm__confirmed,C9,E1,confirmed,0,0.028361821547150612,0,1,274,0.24817518248175183,mean
53,E1__CmEmm__confirmed,C10,E1,confirmed,0,0.04364149644970894,0,1,274,0.24817518248175183,mean
54,E1__CmEmm__confirmed,C11,E1,confirmed,0,0.12219897657632828,0,1,274,0.24817518248175183,mean
55,E1__FJ897789__confirmed,C1,E1,confirmed,0,0.0588819682598114,0,1,274,0.24817518248175183,mean
56,E1__FJ897789__confirmed,C2,E1,confirmed,1,0.546855628490448,1,1,274,0.24452554744525548,mean
57,E1__FJ897789__confirmed,C3,E1,confirmed,0,0.07897883653640747,0,1,274,0.24817518248175183,mean
58,E1__FJ897789__confirmed,C4,E1,confirmed,0,0.5257866382598877,1,0,274,0.24817518248175183,mean
59,E1__FJ897789__confirmed,C5,E1,confirmed,0,0.05459798499941826,0,1,274,0.24817518248175183,mean
60,E1__FJ897789__confirmed,C6,E1,confirmed,0,0.0911242887377739,0,1,274,0.24817518248175183,mean
61,E1__FJ897789__confirmed,C7,E1,confirmed,1,0.8043639659881592,1,1,274,0.24452554744525548,mean
62,E1__FJ897789__confirmed,C8,E1,confirmed,1,0.2754982113838196,0,0,274,0.24452554744525548,mean
63,E1__FJ897789__confirmed,C9,E1,confirmed,0,0.14801712334156036,0,1,274,0.24817518248175183,mean
64,E1__FJ897789__confirmed,C10,E1,confirmed,0,0.23771929740905762,0,1,274,0.24817518248175183,mean
65,E1__FJ897789__confirmed,C11,E1,confirmed,0,0.20491932332515717,0,1,274,0.24817518248175183,mean
66,E1__PaWa100p__inferred,C1,E1,inferred,0,0.00917044561356306,0,1,274,0.24817518248175183,mean
67,E1__PaWa100p__inferred,C2,E1,inferred,1,0.9684948921203613,1,1,274,0.24452554744525548,mean
68,E1__PaWa100p__inferred,C3,E1,inferred,0,0.01184052787721157,0,1,274,0.24817518248175183,mean
69,E1__PaWa100p__inferred,C4,E1,inferred,0,0.0750795230269432,0,1,274,0.24817518248175183,mean
70,E1__PaWa100p__inferred,C5,E1,inferred,0,0.020303675904870033,0,1,274,0.24817518248175183,mean
71,E1__PaWa100p__inferred,C6,E1,inferred,0,0.003058209316805005,0,1,274,0.24817518248175183,mean
72,E1__PaWa100p__inferred,C7,E1,inferred,1,0.9742138981819153,1,1,274,0.24452554744525548,mean
73,E1__PaWa100p__inferred,C8,E1,inferred,1,0.9811177849769592,1,1,274,0.24452554744525548,mean
74,E1__PaWa100p__inferred,C9,E1,inferred,0,0.013295326381921768,0,1,274,0.24817518248175183,mean
75,E1__PaWa100p__inferred,C10,E1,inferred,0,0.05372712016105652,0,1,274,0.24817518248175183,mean
76,E1__PaWa100p__inferred,C11,E1,inferred,0,0.05387056618928909,0,1,274,0.24817518248175183,mean
77,E1__PaWa87p__inferred,C1,E1,inferred,0,0.0070425160229206085,0,1,274,0.24817518248175183,mean
78,E1__PaWa87p__inferred,C2,E1,inferred,1,0.8796476721763611,1,1,274,0.24452554744525548,mean
79,E1__PaWa87p__inferred,C3,E1,inferred,0,0.006683221086859703,0,1,274,0.24817518248175183,mean
80,E1__PaWa87p__inferred,C4,E1,inferred,0,0.09463345259428024,0,1,274,0.24817518248175183,mean
81,E1__PaWa87p__inferred,C5,E1,inferred,0,0.005332127213478088,0,1,274,0.24817518248175183,mean
82,E1__PaWa87p__inferred,C6,E1,inferred,0,0.008635617792606354,0,1,274,0.24817518248175183,mean
83,E1__PaWa87p__inferred,C7,E1,inferred,1,0.924407422542572,1,1,274,0.24452554744525548,mean
84,E1__PaWa87p__inferred,C8,E1,inferred,1,0.7612970471382141,1,1,274,0.24452554744525548,mean
85,E1__PaWa87p__inferred,C9,E1,inferred,0,0.009571420960128307,0,1,274,0.24817518248175183,mean
86,E1__PaWa87p__inferred,C10,E1,inferred,0,0.0470634400844574,0,1,274,0.24817518248175183,mean
87,E1__PaWa87p__inferred,C11,E1,inferred,0,0.06732961535453796,0,1,274,0.24817518248175183,mean
88,E1__PaYp__confirmed,C1,E1,confirmed,0,0.027738165110349655,0,1,274,0.24817518248175183,mean
89,E1__PaYp__confirmed,C2,E1,confirmed,1,0.9007872939109802,1,1,274,0.24452554744525548,mean
90,E1__PaYp__confirmed,C3,E1,confirmed,0,0.010986056178808212,0,1,274,0.24817518248175183,mean
91,E1__PaYp__confirmed,C4,E1,confirmed,0,0.24045760929584503,0,1,274,0.24817518248175183,mean
92,E1__PaYp__confirmed,C5,E1,confirmed,0,0.02301914431154728,0,1,274,0.24817518248175183,mean
93,E1__PaYp__confirmed,C6,E1,confirmed,0,0.005487613845616579,0,1,274,0.24817518248175183,mean
94,E1__PaYp__confirmed,C7,E1,confirmed,1,0.9521849751472473,1,1,274,0.24452554744525548,mean
95,E1__PaYp__confirmed,C8,E1,confirmed,1,0.9643688797950745,1,1,274,0.24452554744525548,mean
96,E1__PaYp__confirmed,C9,E1,confirmed,0,0.02146962843835354,0,1,274,0.24817518248175183,mean
97,E1__PaYp__confirmed,C10,E1,confirmed,0,0.055498119443655014,0,1,274,0.24817518248175183,mean
98,E1__PaYp__confirmed,C11,E1,confirmed,0,0.12023280560970306,0,1,274,0.24817518248175183,mean
99,E2__CoEcp__confirmed,C1,E2,confirmed,1,0.9878410696983337,1,1,274,0.24452554744525548,mean
100,E2__CoEcp__confirmed,C2,E2,confirmed,0,0.49010369181632996,0,1,274,0.24817518248175183,mean
101,E2__CoEcp__confirmed,C3,E2,confirmed,1,0.4477381110191345,0,0,274,0.24452554744525548,mean
102,E2__CoEcp__confirmed,C4,E2,confirmed,1,0.9837086796760559,1,1,274,0.24452554744525548,mean
103,E2__CoEcp__confirmed,C5,E2,confirmed,1,0.9883570075035095,1,1,274,0.24452554744525548,mean
104,E2__CoEcp__confirmed,C6,E2,confirmed,1,0.5300158262252808,1,1,274,0.24452554744525548,mean
105,E2__CoEcp__confirmed,C7,E2,confirmed,0,0.6778549551963806,1,0,274,0.24817518248175183,mean
106,E2__CoEcp__confirmed,C8,E2,confirmed,1,0.992563784122467,1,1,274,0.24452554744525548,mean
107,E2__CoEcp__confirmed,C9,E2,confirmed,1,0.4880041480064392,0,0,274,0.24452554744525548,mean
108,E2__CoEcp__confirmed,C10,E2,confirmed,1,0.9407106041908264,1,1,274,0.24452554744525548,mean
109,E2__CoEcp__confirmed,C11,E2,confirmed,1,0.9864453673362732,1,1,274,0.24452554744525548,mean
110,E3__CoEfp__confirmed,C1,E3,confirmed,1,0.9558058381080627,1,1,274,0.24452554744525548,mean
111,E3__CoEfp__confirmed,C2,E3,confirmed,0,0.06917787343263626,0,1,274,0.24817518248175183,mean
112,E3__CoEfp__confirmed,C3,E3,confirmed,0,0.6856914162635803,1,0,274,0.24817518248175183,mean
113,E3__CoEfp__confirmed,C4,E3,confirmed,1,0.8868749737739563,1,1,274,0.24452554744525548,mean
114,E3__CoEfp__confirmed,C5,E3,confirmed,1,0.9132879972457886,1,1,274,0.24452554744525548,mean
115,E3__CoEfp__confirmed,C6,E3,confirmed,0,0.5697466135025024,1,0,274,0.24817518248175183,mean
116,E3__CoEfp__confirmed,C7,E3,confirmed,0,0.23286749422550201,0,1,274,0.24817518248175183,mean
117,E3__CoEfp__confirmed,C8,E3,confirmed,1,0.9883397817611694,1,1,274,0.24452554744525548,mean
118,E3__CoEfp__confirmed,C9,E3,confirmed,0,0.26855456829071045,0,1,274,0.24817518248175183,mean
119,E3__CoEfp__confirmed,C10,E3,confirmed,1,0.955936849117279,1,1,274,0.24452554744525548,mean
120,E3__CoEfp__confirmed,C11,E3,confirmed,1,0.9796518683433533,1,1,274,0.24452554744525548,mean
121,E3__PaWa46p__inferred,C1,E3,inferred,1,0.9814335703849792,1,1,274,0.24452554744525548,mean
122,E3__PaWa46p__inferred,C2,E3,inferred,0,0.041940994560718536,0,1,274,0.24817518248175183,mean
123,E3__PaWa46p__inferred,C3,E3,inferred,0,0.06823940575122833,0,1,274,0.24817518248175183,mean
124,E3__PaWa46p__inferred,C4,E3,inferred,1,0.9820365309715271,1,1,274,0.24452554744525548,mean
125,E3__PaWa46p__inferred,C5,E3,inferred,1,0.9806498289108276,1,1,274,0.24452554744525548,mean
126,E3__PaWa46p__inferred,C6,E3,inferred,0,0.032747603952884674,0,1,274,0.24817518248175183,mean
127,E3__PaWa46p__inferred,C7,E3,inferred,0,0.048607196658849716,0,1,274,0.24817518248175183,mean
128,E3__PaWa46p__inferred,C8,E3,inferred,1,0.9869043231010437,1,1,274,0.24452554744525548,mean
129,E3__PaWa46p__inferred,C9,E3,inferred,0,0.05969301611185074,0,1,274,0.24817518248175183,mean
130,E3__PaWa46p__inferred,C10,E3,inferred,1,0.9850100874900818,1,1,274,0.24452554744525548,mean
131,E3__PaWa46p__inferred,C11,E3,inferred,1,0.9830582141876221,1,1,274,0.24452554744525548,mean
132,E3__PaWa58m__inferred,C1,E3,inferred,1,0.9817106127738953,1,1,274,0.24452554744525548,mean
133,E3__PaWa58m__inferred,C2,E3,inferred,0,0.043012406677007675,0,1,274,0.24817518248175183,mean
134,E3__PaWa58m__inferred,C3,E3,inferred,0,0.06601304560899734,0,1,274,0.24817518248175183,mean
135,E3__PaWa58m__inferred,C4,E3,inferred,1,0.9815479516983032,1,1,274,0.24452554744525548,mean
136,E3__PaWa58m__inferred,C5,E3,inferred,1,0.9817429780960083,1,1,274,0.24452554744525548,mean
137,E3__PaWa58m__inferred,C6,E3,inferred,0,0.03225037455558777,0,1,274,0.24817518248175183,mean
138,E3__PaWa58m__inferred,C7,E3,inferred,0,0.05174269527196884,0,1,274,0.24817518248175183,mean
139,E3__PaWa58m__inferred,C8,E3,inferred,1,0.9881702661514282,1,1,274,0.24452554744525548,mean
140,E3__PaWa58m__inferred,C9,E3,inferred,0,0.05776723846793175,0,1,274,0.24817518248175183,mean
141,E3__PaWa58m__inferred,C10,E3,inferred,1,0.9852627515792847,1,1,274,0.24452554744525548,mean
142,E3__PaWa58m__inferred,C11,E3,inferred,1,0.9841138124465942,1,1,274,0.24452554744525548,mean
143,E3__PaZp__confirmed,C1,E3,confirmed,1,0.9832268357276917,1,1,274,0.24452554744525548,mean
144,E3__PaZp__confirmed,C2,E3,confirmed,0,0.043767817318439484,0,1,274,0.24817518248175183,mean
145,E3__PaZp__confirmed,C3,E3,confirmed,0,0.07294034212827682,0,1,274,0.24817518248175183,mean
146,E3__PaZp__confirmed,C4,E3,confirmed,1,0.9814831614494324,1,1,274,0.24452554744525548,mean
147,E3__PaZp__confirmed,C5,E3,confirmed,1,0.983414351940155,1,1,274,0.24452554744525548,mean
148,E3__PaZp__confirmed,C6,E3,confirmed,0,0.04124407097697258,0,1,274,0.24817518248175183,mean
149,E3__PaZp__confirmed,C7,E3,confirmed,0,0.057771310210227966,0,1,274,0.24817518248175183,mean
150,E3__PaZp__confirmed,C8,E3,confirmed,1,0.9898996949195862,1,1,274,0.24452554744525548,mean
151,E3__PaZp__confirmed,C9,E3,confirmed,0,0.06083297356963158,0,1,274,0.24817518248175183,mean
152,E3__PaZp__confirmed,C10,E3,confirmed,1,0.9867324233055115,1,1,274,0.24452554744525548,mean
153,E3__PaZp__confirmed,C11,E3,confirmed,1,0.9853147268295288,1,1,274,0.24452554744525548,mean
154,d3__CmEmm__confirmed,C1,d3,confirmed,0,0.0019663386046886444,0,1,274,0.24817518248175183,mean
155,d3__CmEmm__confirmed,C2,d3,confirmed,0,0.017341528087854385,0,1,274,0.24817518248175183,mean
156,d3__CmEmm__confirmed,C3,d3,confirmed,0,0.0011575204553082585,0,1,274,0.24817518248175183,mean
157,d3__CmEmm__confirmed,C4,d3,confirmed,0,0.04490689933300018,0,1,274,0.24817518248175183,mean
158,d3__CmEmm__confirmed,C5,d3,confirmed,0,0.0027777054347097874,0,1,274,0.24817518248175183,mean
159,d3__CmEmm__confirmed,C6,d3,confirmed,0,0.003690506564453244,0,1,274,0.24817518248175183,mean
160,d3__CmEmm__confirmed,C7,d3,confirmed,0,0.051533352583646774,0,1,274,0.24817518248175183,mean
161,d3__CmEmm__confirmed,C8,d3,confirmed,0,0.005914989858865738,0,1,274,0.24817518248175183,mean
162,d3__CmEmm__confirmed,C9,d3,confirmed,0,0.026509849354624748,0,1,274,0.24817518248175183,mean
163,d3__CmEmm__confirmed,C10,d3,confirmed,0,0.061236921697854996,0,1,274,0.24817518248175183,mean
164,d3__CmEmm__confirmed,C11,d3,confirmed,0,0.017317719757556915,0,1,274,0.24817518248175183,mean
165,d3__PaWa100p__inferred,C1,d3,inferred,0,0.0025061664637178183,0,1,274,0.24817518248175183,mean
166,d3__PaWa100p__inferred,C2,d3,inferred,0,0.03407943248748779,0,1,274,0.24817518248175183,mean
167,d3__PaWa100p__inferred,C3,d3,inferred,0,0.0014464932028204203,0,1,274,0.24817518248175183,mean
168,d3__PaWa100p__inferred,C4,d3,inferred,0,0.03844070807099342,0,1,274,0.24817518248175183,mean
169,d3__PaWa100p__inferred,C5,d3,inferred,0,0.00200380920432508,0,1,274,0.24817518248175183,mean
170,d3__PaWa100p__inferred,C6,d3,inferred,0,0.0032562948763370514,0,1,274,0.24817518248175183,mean
171,d3__PaWa100p__inferred,C7,d3,inferred,0,0.07358253747224808,0,1,274,0.24817518248175183,mean
172,d3__PaWa100p__inferred,C8,d3,inferred,0,0.013527242466807365,0,1,274,0.24817518248175183,mean
173,d3__PaWa100p__inferred,C9,d3,inferred,0,0.032241083681583405,0,1,274,0.24817518248175183,mean
174,d3__PaWa100p__inferred,C10,d3,inferred,0,0.045427270233631134,0,1,274,0.24817518248175183,mean
175,d3__PaWa100p__inferred,C11,d3,inferred,0,0.04353957623243332,0,1,274,0.24817518248175183,mean
176,d3__PaWa137m__inferred,C1,d3,inferred,0,0.002605195390060544,0,1,274,0.24817518248175183,mean
177,d3__PaWa137m__inferred,C2,d3,inferred,0,0.003257209900766611,0,1,274,0.24817518248175183,mean
178,d3__PaWa137m__inferred,C3,d3,inferred,0,0.0011025664862245321,0,1,274,0.24817518248175183,mean
179,d3__PaWa137m__inferred,C4,d3,inferred,0,0.06664635986089706,0,1,274,0.24817518248175183,mean
180,d3__PaWa137m__inferred,C5,d3,inferred,0,0.0025916744489222765,0,1,274,0.24817518248175183,mean
181,d3__PaWa137m__inferred,C6,d3,inferred,0,0.002624629531055689,0,1,274,0.24817518248175183,mean
182,d3__PaWa137m__inferred,C7,d3,inferred,0,0.06587625294923782,0,1,274,0.24817518248175183,mean
183,d3__PaWa137m__inferred,C8,d3,inferred,0,0.015798427164554596,0,1,274,0.24817518248175183,mean
184,d3__PaWa137m__inferred,C9,d3,inferred,0,0.018638035282492638,0,1,274,0.24817518248175183,mean
185,d3__PaWa137m__inferred,C10,d3,inferred,0,0.13317237794399261,0,1,274,0.24817518248175183,mean
186,d3__PaWa137m__inferred,C11,d3,inferred,0,0.07845240831375122,0,1,274,0.24817518248175183,mean
187,d3__PaWa21m__inferred,C1,d3,inferred,0,0.0019464782672002912,0,1,274,0.24817518248175183,mean
188,d3__PaWa21m__inferred,C2,d3,inferred,0,0.009770977310836315,0,1,274,0.24817518248175183,mean
189,d3__PaWa21m__inferred,C3,d3,inferred,0,0.0013116084737703204,0,1,274,0.24817518248175183,mean
190,d3__PaWa21m__inferred,C4,d3,inferred,0,0.04002914950251579,0,1,274,0.24817518248175183,mean
191,d3__PaWa21m__inferred,C5,d3,inferred,0,0.0015443542506545782,0,1,274,0.24817518248175183,mean
192,d3__PaWa21m__inferred,C6,d3,inferred,0,0.0023550763726234436,0,1,274,0.24817518248175183,mean
193,d3__PaWa21m__inferred,C7,d3,inferred,0,0.04330051690340042,0,1,274,0.24817518248175183,mean
194,d3__PaWa21m__inferred,C8,d3,inferred,0,0.005559074692428112,0,1,274,0.24817518248175183,mean
195,d3__PaWa21m__inferred,C9,d3,inferred,0,0.010836778208613396,0,1,274,0.24817518248175183,mean
196,d3__PaWa21m__inferred,C10,d3,inferred,0,0.02816617488861084,0,1,274,0.24817518248175183,mean
197,d3__PaWa21m__inferred,C11,d3,inferred,0,0.023902548477053642,0,1,274,0.24817518248175183,mean
198,d3__PaWa53m__inferred,C1,d3,inferred,0,0.0012745175044983625,0,1,274,0.24817518248175183,mean
199,d3__PaWa53m__inferred,C2,d3,inferred,0,0.0015806833980605006,0,1,274,0.24817518248175183,mean
200,d3__PaWa53m__inferred,C3,d3,inferred,0,0.0006728361477144063,0,1,274,0.24817518248175183,mean
201,d3__PaWa53m__inferred,C4,d3,inferred,0,0.010696819983422756,0,1,274,0.24817518248175183,mean
202,d3__PaWa53m__inferred,C5,d3,inferred,0,0.0013978034257888794,0,1,274,0.24817518248175183,mean
203,d3__PaWa53m__inferred,C6,d3,inferred,0,0.0016391347162425518,0,1,274,0.24817518248175183,mean
204,d3__PaWa53m__inferred,C7,d3,inferred,0,0.005810578353703022,0,1,274,0.24817518248175183,mean
205,d3__PaWa53m__inferred,C8,d3,inferred,0,0.004526667296886444,0,1,274,0.24817518248175183,mean
206,d3__PaWa53m__inferred,C9,d3,inferred,0,0.00703020254150033,0,1,274,0.24817518248175183,mean
207,d3__PaWa53m__inferred,C10,d3,inferred,0,0.020741330459713936,0,1,274,0.24817518248175183,mean
208,d3__PaWa53m__inferred,C11,d3,inferred,0,0.014749700203537941,0,1,274,0.24817518248175183,mean
209,d3__PaWa58m__inferred,C1,d3,inferred,0,0.002016678685322404,0,1,274,0.24817518248175183,mean
210,d3__PaWa58m__inferred,C2,d3,inferred,0,0.010841348208487034,0,1,274,0.24817518248175183,mean
211,d3__PaWa58m__inferred,C3,d3,inferred,0,0.002948066685348749,0,1,274,0.24817518248175183,mean
212,d3__PaWa58m__inferred,C4,d3,inferred,0,0.05028212070465088,0,1,274,0.24817518248175183,mean
213,d3__PaWa58m__inferred,C5,d3,inferred,0,0.002183014526963234,0,1,274,0.24817518248175183,mean
214,d3__PaWa58m__inferred,C6,d3,inferred,0,0.0046224636025726795,0,1,274,0.24817518248175183,mean
215,d3__PaWa58m__inferred,C7,d3,inferred,0,0.04588894173502922,0,1,274,0.24817518248175183,mean
216,d3__PaWa58m__inferred,C8,d3,inferred,0,0.016416063532233238,0,1,274,0.24817518248175183,mean
217,d3__PaWa58m__inferred,C9,d3,inferred,0,0.03398869186639786,0,1,274,0.24817518248175183,mean
218,d3__PaWa58m__inferred,C10,d3,inferred,0,0.07136425375938416,0,1,274,0.24817518248175183,mean
219,d3__PaWa58m__inferred,C11,d3,inferred,0,0.08716784417629242,0,1,274,0.24817518248175183,mean
220,d3__PaZp__confirmed,C1,d3,confirmed,0,0.002213727682828903,0,1,274,0.24817518248175183,mean
221,d3__PaZp__confirmed,C2,d3,confirmed,0,0.036717526614665985,0,1,274,0.24817518248175183,mean
222,d3__PaZp__confirmed,C3,d3,confirmed,0,0.0014294472057372332,0,1,274,0.24817518248175183,mean
223,d3__PaZp__confirmed,C4,d3,confirmed,0,0.04097772762179375,0,1,274,0.24817518248175183,mean
224,d3__PaZp__confirmed,C5,d3,confirmed,0,0.002066921442747116,0,1,274,0.24817518248175183,mean
225,d3__PaZp__confirmed,C6,d3,confirmed,0,0.0032468230929225683,0,1,274,0.24817518248175183,mean
226,d3__PaZp__confirmed,C7,d3,confirmed,0,0.08372088521718979,0,1,274,0.24817518248175183,mean
227,d3__PaZp__confirmed,C8,d3,confirmed,0,0.014303511008620262,0,1,274,0.24817518248175183,mean
228,d3__PaZp__confirmed,C9,d3,confirmed,0,0.030819730833172798,0,1,274,0.24817518248175183,mean
229,d3__PaZp__confirmed,C10,d3,confirmed,0,0.06281392276287079,0,1,274,0.24817518248175183,mean
230,d3__PaZp__confirmed,C11,d3,confirmed,0,0.05806852504611015,0,1,274,0.24817518248175183,mean
231,e4__PaTgp__inferred,C1,e4,inferred,0,0.002293836558237672,0,1,274,0.24817518248175183,mean
232,e4__PaTgp__inferred,C2,e4,inferred,0,0.007230504881590605,0,1,274,0.24817518248175183,mean
233,e4__PaTgp__inferred,C3,e4,inferred,0,0.00455413106828928,0,1,274,0.24817518248175183,mean
234,e4__PaTgp__inferred,C4,e4,inferred,0,0.003980949986726046,0,1,274,0.24817518248175183,mean
235,e4__PaTgp__inferred,C5,e4,inferred,0,0.0020802568178623915,0,1,274,0.24817518248175183,mean
236,e4__PaTgp__inferred,C6,e4,inferred,0,0.0019333830568939447,0,1,274,0.24817518248175183,mean
237,e4__PaTgp__inferred,C7,e4,inferred,0,0.011782494373619556,0,1,274,0.24817518248175183,mean
238,e4__PaTgp__inferred,C8,e4,inferred,0,0.024713750928640366,0,1,274,0.24817518248175183,mean
239,e4__PaTgp__inferred,C9,e4,inferred,0,0.002888933988288045,0,1,274,0.24817518248175183,mean
240,e4__PaTgp__inferred,C10,e4,inferred,0,0.005404110997915268,0,1,274,0.24817518248175183,mean
241,e4__PaTgp__inferred,C11,e4,inferred,0,0.007941742427647114,0,1,274,0.24817518248175183,mean
242,e4__PaWa137m__inferred,C1,e4,inferred,0,0.0025154072791337967,0,1,274,0.24817518248175183,mean
243,e4__PaWa137m__inferred,C2,e4,inferred,0,0.006100308150053024,0,1,274,0.24817518248175183,mean
244,e4__PaWa137m__inferred,C3,e4,inferred,0,0.004031999036669731,0,1,274,0.24817518248175183,mean
245,e4__PaWa137m__inferred,C4,e4,inferred,0,0.0038519094232469797,0,1,274,0.24817518248175183,mean
246,e4__PaWa137m__inferred,C5,e4,inferred,0,0.003127123462036252,0,1,274,0.24817518248175183,mean
247,e4__PaWa137m__inferred,C6,e4,inferred,0,0.00204827799461782,0,1,274,0.24817518248175183,mean
248,e4__PaWa137m__inferred,C7,e4,inferred,0,0.010918887332081795,0,1,274,0.24817518248175183,mean
249,e4__PaWa137m__inferred,C8,e4,inferred,0,0.020558198913931847,0,1,274,0.24817518248175183,mean
250,e4__PaWa137m__inferred,C9,e4,inferred,0,0.0026061483658850193,0,1,274,0.24817518248175183,mean
251,e4__PaWa137m__inferred,C10,e4,inferred,0,0.008052075281739235,0,1,274,0.24817518248175183,mean
252,e4__PaWa137m__inferred,C11,e4,inferred,0,0.00566676864400506,0,1,274,0.24817518248175183,mean
253,e4__PaWa28m__inferred,C1,e4,inferred,0,0.0020707016810774803,0,1,274,0.24817518248175183,mean
254,e4__PaWa28m__inferred,C2,e4,inferred,0,0.25495803356170654,0,1,274,0.24817518248175183,mean
255,e4__PaWa28m__inferred,C3,e4,inferred,0,0.001328432816080749,0,1,274,0.24817518248175183,mean
256,e4__PaWa28m__inferred,C4,e4,inferred,0,0.006399835459887981,0,1,274,0.24817518248175183,mean
257,e4__PaWa28m__inferred,C5,e4,inferred,0,0.0014617904089391232,0,1,274,0.24817518248175183,mean
258,e4__PaWa28m__inferred,C6,e4,inferred,0,0.002373717026785016,0,1,274,0.24817518248175183,mean
259,e4__PaWa28m__inferred,C7,e4,inferred,0,0.35850828886032104,0,1,274,0.24817518248175183,mean
260,e4__PaWa28m__inferred,C8,e4,inferred,0,0.21719716489315033,0,1,274,0.24817518248175183,mean
261,e4__PaWa28m__inferred,C9,e4,inferred,0,0.0035473627503961325,0,1,274,0.24817518248175183,mean
262,e4__PaWa28m__inferred,C10,e4,inferred,0,0.005332835018634796,0,1,274,0.24817518248175183,mean
263,e4__PaWa28m__inferred,C11,e4,inferred,0,0.008486591279506683,0,1,274,0.24817518248175183,mean
264,e4__PaWa63p__confirmed,C1,e4,confirmed,0,0.0023578854743391275,0,1,274,0.24817518248175183,mean
265,e4__PaWa63p__confirmed,C2,e4,confirmed,0,0.006384919863194227,0,1,274,0.24817518248175183,mean
266,e4__PaWa63p__confirmed,C3,e4,confirmed,0,0.0045478083193302155,0,1,274,0.24817518248175183,mean
267,e4__PaWa63p__confirmed,C4,e4,confirmed,0,0.0035344299394637346,0,1,274,0.24817518248175183,mean
268,e4__PaWa63p__confirmed,C5,e4,confirmed,0,0.0027546866331249475,0,1,274,0.24817518248175183,mean
269,e4__PaWa63p__confirmed,C6,e4,confirmed,0,0.0020363524090498686,0,1,274,0.24817518248175183,mean
270,e4__PaWa63p__confirmed,C7,e4,confirmed,0,0.009663916192948818,0,1,274,0.24817518248175183,mean
271,e4__PaWa63p__confirmed,C8,e4,confirmed,0,0.02764277160167694,0,1,274,0.24817518248175183,mean
272,e4__PaWa63p__confirmed,C9,e4,confirmed,0,0.002554479520767927,0,1,274,0.24817518248175183,mean
273,e4__PaWa63p__confirmed,C10,e4,confirmed,0,0.004769076127558947,0,1,274,0.24817518248175183,mean
274,e4__PaWa63p__confirmed,C11,e4,confirmed,0,0.0070367357693612576,0,1,274,0.24817518248175183,mean
0,D1__ChEhDap__confirmed,C1,D1,confirmed,0,0.024445008486509323,0,1,274,0.24817518248175183,max
1,D1__ChEhDap__confirmed,C2,D1,confirmed,1,0.7512663006782532,1,1,274,0.24452554744525548,max
2,D1__ChEhDap__confirmed,C3,D1,confirmed,0,0.023105056956410408,0,1,274,0.24817518248175183,max
3,D1__ChEhDap__confirmed,C4,D1,confirmed,1,0.869603157043457,1,1,274,0.24452554744525548,max
4,D1__ChEhDap__confirmed,C5,D1,confirmed,0,0.030756870284676552,0,1,274,0.24817518248175183,max
5,D1__ChEhDap__confirmed,C6,D1,confirmed,0,0.6293752789497375,1,0,274,0.24817518248175183,max
6,D1__ChEhDap__confirmed,C7,D1,confirmed,1,0.9771958589553833,1,1,274,0.24452554744525548,max
7,D1__ChEhDap__confirmed,C8,D1,confirmed,1,0.43508827686309814,0,0,274,0.24452554744525548,max
8,D1__ChEhDap__confirmed,C9,D1,confirmed,1,0.807072103023529,1,1,274,0.24452554744525548,max
9,D1__ChEhDap__confirmed,C10,D1,confirmed,1,0.8897022008895874,1,1,274,0.24452554744525548,max
10,D1__ChEhDap__confirmed,C11,D1,confirmed,1,0.9564065337181091,1,1,274,0.24452554744525548,max
11,D2__CsDfp__confirmed,C1,D2,confirmed,0,0.016912074759602547,0,1,274,0.24817518248175183,max
12,D2__CsDfp__confirmed,C2,D2,confirmed,0,0.5038689970970154,1,0,274,0.24817518248175183,max
13,D2__CsDfp__confirmed,C3,D2,confirmed,0,0.015428273938596249,0,1,274,0.24817518248175183,max
14,D2__CsDfp__confirmed,C4,D2,confirmed,1,0.8059940338134766,1,1,274,0.24452554744525548,max
15,D2__CsDfp__confirmed,C5,D2,confirmed,0,0.012318781577050686,0,1,274,0.24817518248175183,max
16,D2__CsDfp__confirmed,C6,D2,confirmed,0,0.19144752621650696,0,1,274,0.24817518248175183,max
17,D2__CsDfp__confirmed,C7,D2,confirmed,1,0.6094865202903748,1,1,274,0.24452554744525548,max
18,D2__CsDfp__confirmed,C8,D2,confirmed,0,0.7000188827514648,1,0,274,0.24817518248175183,max
19,D2__CsDfp__confirmed,C9,D2,confirmed,1,0.34402936697006226,0,0,274,0.24452554744525548,max
20,D2__CsDfp__confirmed,C10,D2,confirmed,1,0.8412754535675049,1,1,274,0.24452554744525548,max
21,D2__CsDfp__confirmed,C11,D2,confirmed,1,0.9454227089881897,1,1,274,0.24452554744525548,max
22,D2__PaYp__confirmed,C1,D2,confirmed,0,0.011151567101478577,0,1,274,0.24817518248175183,max
23,D2__PaYp__confirmed,C2,D2,confirmed,0,0.3634973168373108,0,1,274,0.24817518248175183,max
24,D2__PaYp__confirmed,C3,D2,confirmed,0,0.009970095939934254,0,1,274,0.24817518248175183,max
25,D2__PaYp__confirmed,C4,D2,confirmed,1,0.6596225500106812,1,1,274,0.24452554744525548,max
26,D2__PaYp__confirmed,C5,D2,confirmed,0,0.011887113563716412,0,1,274,0.24817518248175183,max
27,D2__PaYp__confirmed,C6,D2,confirmed,0,0.31063178181648254,0,1,274,0.24817518248175183,max
28,D2__PaYp__confirmed,C7,D2,confirmed,1,0.5752975344657898,1,1,274,0.24452554744525548,max
29,D2__PaYp__confirmed,C8,D2,confirmed,0,0.7484925985336304,1,0,274,0.24817518248175183,max
30,D2__PaYp__confirmed,C9,D2,confirmed,1,0.31869691610336304,0,0,274,0.24452554744525548,max
31,D2__PaYp__confirmed,C10,D2,confirmed,1,0.8005222082138062,1,1,274,0.24452554744525548,max
32,D2__PaYp__confirmed,C11,D2,confirmed,1,0.8224292993545532,1,1,274,0.24452554744525548,max
33,E1__ChEhDap__confirmed,C1,E1,confirmed,0,0.005178430583328009,0,1,274,0.24817518248175183,max
34,E1__ChEhDap__confirmed,C2,E1,confirmed,1,0.9750362038612366,1,1,274,0.24452554744525548,max
35,E1__ChEhDap__confirmed,C3,E1,confirmed,0,0.002728931372985244,0,1,274,0.24817518248175183,max
36,E1__ChEhDap__confirmed,C4,E1,confirmed,0,0.02623237483203411,0,1,274,0.24817518248175183,max
37,E1__ChEhDap__confirmed,C5,E1,confirmed,0,0.0059331669472157955,0,1,274,0.24817518248175183,max
38,E1__ChEhDap__confirmed,C6,E1,confirmed,0,0.004440309479832649,0,1,274,0.24817518248175183,max
39,E1__ChEhDap__confirmed,C7,E1,confirmed,1,0.9764684438705444,1,1,274,0.24452554744525548,max
40,E1__ChEhDap__confirmed,C8,E1,confirmed,1,0.9767172336578369,1,1,274,0.24452554744525548,max
41,E1__ChEhDap__confirmed,C9,E1,confirmed,0,0.008798479102551937,0,1,274,0.24817518248175183,max
42,E1__ChEhDap__confirmed,C10,E1,confirmed,0,0.07274126261472702,0,1,274,0.24817518248175183,max
43,E1__ChEhDap__confirmed,C11,E1,confirmed,0,0.046241916716098785,0,1,274,0.24817518248175183,max
44,E1__CmEmm__confirmed,C1,E1,confirmed,0,0.010590205900371075,0,1,274,0.24817518248175183,max
45,E1__CmEmm__confirmed,C2,E1,confirmed,1,0.8814013004302979,1,1,274,0.24452554744525548,max
46,E1__CmEmm__confirmed,C3,E1,confirmed,0,0.006411735899746418,0,1,274,0.24817518248175183,max
47,E1__CmEmm__confirmed,C4,E1,confirmed,0,0.03579852357506752,0,1,274,0.24817518248175183,max
48,E1__CmEmm__confirmed,C5,E1,confirmed,0,0.007693855557590723,0,1,274,0.24817518248175183,max
49,E1__CmEmm__confirmed,C6,E1,confirmed,0,0.007264682557433844,0,1,274,0.24817518248175183,max
50,E1__CmEmm__confirmed,C7,E1,confirmed,1,0.9178400039672852,1,1,274,0.24452554744525548,max
51,E1__CmEmm__confirmed,C8,E1,confirmed,1,0.773987352848053,1,1,274,0.24452554744525548,max
52,E1__CmEmm__confirmed,C9,E1,confirmed,0,0.005990554578602314,0,1,274,0.24817518248175183,max
53,E1__CmEmm__confirmed,C10,E1,confirmed,0,0.05601687729358673,0,1,274,0.24817518248175183,max
54,E1__CmEmm__confirmed,C11,E1,confirmed,0,0.06311594694852829,0,1,274,0.24817518248175183,max
55,E1__FJ897789__confirmed,C1,E1,confirmed,0,0.07585244625806808,0,1,274,0.24817518248175183,max
56,E1__FJ897789__confirmed,C2,E1,confirmed,1,0.36472561955451965,0,0,274,0.24452554744525548,max
57,E1__FJ897789__confirmed,C3,E1,confirmed,0,0.012469179928302765,0,1,274,0.24817518248175183,max
58,E1__FJ897789__confirmed,C4,E1,confirmed,0,0.06426018476486206,0,1,274,0.24817518248175183,max
59,E1__FJ897789__confirmed,C5,E1,confirmed,0,0.035853996872901917,0,1,274,0.24817518248175183,max
60,E1__FJ897789__confirmed,C6,E1,confirmed,0,0.03660193830728531,0,1,274,0.24817518248175183,max
61,E1__FJ897789__confirmed,C7,E1,confirmed,1,0.8086075782775879,1,1,274,0.24452554744525548,max
62,E1__FJ897789__confirmed,C8,E1,confirmed,1,0.28597021102905273,0,0,274,0.24452554744525548,max
63,E1__FJ897789__confirmed,C9,E1,confirmed,0,0.05187106505036354,0,1,274,0.24817518248175183,max
64,E1__FJ897789__confirmed,C10,E1,confirmed,0,0.29453200101852417,0,1,274,0.24817518248175183,max
65,E1__FJ897789__confirmed,C11,E1,confirmed,0,0.23125283420085907,0,1,274,0.24817518248175183,max
66,E1__PaWa100p__inferred,C1,E1,inferred,0,0.005920386873185635,0,1,274,0.24817518248175183,max
67,E1__PaWa100p__inferred,C2,E1,inferred,1,0.977395236492157,1,1,274,0.24452554744525548,max
68,E1__PaWa100p__inferred,C3,E1,inferred,0,0.003110934514552355,0,1,274,0.24817518248175183,max
69,E1__PaWa100p__inferred,C4,E1,inferred,0,0.026115627959370613,0,1,274,0.24817518248175183,max
70,E1__PaWa100p__inferred,C5,E1,inferred,0,0.008407028391957283,0,1,274,0.24817518248175183,max
71,E1__PaWa100p__inferred,C6,E1,inferred,0,0.004162423778325319,0,1,274,0.24817518248175183,max
72,E1__PaWa100p__inferred,C7,E1,inferred,1,0.9759050011634827,1,1,274,0.24452554744525548,max
73,E1__PaWa100p__inferred,C8,E1,inferred,1,0.9794259667396545,1,1,274,0.24452554744525548,max
74,E1__PaWa100p__inferred,C9,E1,inferred,0,0.009142870083451271,0,1,274,0.24817518248175183,max
75,E1__PaWa100p__inferred,C10,E1,inferred,0,0.05973450839519501,0,1,274,0.24817518248175183,max
76,E1__PaWa100p__inferred,C11,E1,inferred,0,0.0372677780687809,0,1,274,0.24817518248175183,max
77,E1__PaWa87p__inferred,C1,E1,inferred,0,0.017608297988772392,0,1,274,0.24817518248175183,max
78,E1__PaWa87p__inferred,C2,E1,inferred,1,0.9223402738571167,1,1,274,0.24452554744525548,max
79,E1__PaWa87p__inferred,C3,E1,inferred,0,0.005508343689143658,0,1,274,0.24817518248175183,max
80,E1__PaWa87p__inferred,C4,E1,inferred,0,0.026734625920653343,0,1,274,0.24817518248175183,max
81,E1__PaWa87p__inferred,C5,E1,inferred,0,0.013349173590540886,0,1,274,0.24817518248175183,max
82,E1__PaWa87p__inferred,C6,E1,inferred,0,0.004669136367738247,0,1,274,0.24817518248175183,max
83,E1__PaWa87p__inferred,C7,E1,inferred,1,0.8656646609306335,1,1,274,0.24452554744525548,max
84,E1__PaWa87p__inferred,C8,E1,inferred,1,0.6856501698493958,1,1,274,0.24452554744525548,max
85,E1__PaWa87p__inferred,C9,E1,inferred,0,0.00511029502376914,0,1,274,0.24817518248175183,max
86,E1__PaWa87p__inferred,C10,E1,inferred,0,0.0355849415063858,0,1,274,0.24817518248175183,max
87,E1__PaWa87p__inferred,C11,E1,inferred,0,0.037399329245090485,0,1,274,0.24817518248175183,max
88,E1__PaYp__confirmed,C1,E1,confirmed,0,0.010893939062952995,0,1,274,0.24817518248175183,max
89,E1__PaYp__confirmed,C2,E1,confirmed,1,0.8719072937965393,1,1,274,0.24452554744525548,max
90,E1__PaYp__confirmed,C3,E1,confirmed,0,0.0045827520079910755,0,1,274,0.24817518248175183,max
91,E1__PaYp__confirmed,C4,E1,confirmed,0,0.01700875721871853,0,1,274,0.24817518248175183,max
92,E1__PaYp__confirmed,C5,E1,confirmed,0,0.011170481331646442,0,1,274,0.24817518248175183,max
93,E1__PaYp__confirmed,C6,E1,confirmed,0,0.00832284800708294,0,1,274,0.24817518248175183,max
94,E1__PaYp__confirmed,C7,E1,confirmed,1,0.9712136387825012,1,1,274,0.24452554744525548,max
95,E1__PaYp__confirmed,C8,E1,confirmed,1,0.9595158696174622,1,1,274,0.24452554744525548,max
96,E1__PaYp__confirmed,C9,E1,confirmed,0,0.00797432754188776,0,1,274,0.24817518248175183,max
97,E1__PaYp__confirmed,C10,E1,confirmed,0,0.10577336698770523,0,1,274,0.24817518248175183,max
98,E1__PaYp__confirmed,C11,E1,confirmed,0,0.04927738383412361,0,1,274,0.24817518248175183,max
99,E2__CoEcp__confirmed,C1,E2,confirmed,1,0.9957587122917175,1,1,274,0.24452554744525548,max
100,E2__CoEcp__confirmed,C2,E2,confirmed,0,0.15912899374961853,0,1,274,0.24817518248175183,max
101,E2__CoEcp__confirmed,C3,E2,confirmed,1,0.6404154896736145,1,1,274,0.24452554744525548,max
102,E2__CoEcp__confirmed,C4,E2,confirmed,1,0.982991635799408,1,1,274,0.24452554744525548,max
103,E2__CoEcp__confirmed,C5,E2,confirmed,1,0.994744062423706,1,1,274,0.24452554744525548,max
104,E2__CoEcp__confirmed,C6,E2,confirmed,1,0.6187736988067627,1,1,274,0.24452554744525548,max
105,E2__CoEcp__confirmed,C7,E2,confirmed,0,0.24374060332775116,0,1,274,0.24817518248175183,max
106,E2__CoEcp__confirmed,C8,E2,confirmed,1,0.9948274493217468,1,1,274,0.24452554744525548,max
107,E2__CoEcp__confirmed,C9,E2,confirmed,1,0.6956472396850586,1,1,274,0.24452554744525548,max
108,E2__CoEcp__confirmed,C10,E2,confirmed,1,0.9927135109901428,1,1,274,0.24452554744525548,max
109,E2__CoEcp__confirmed,C11,E2,confirmed,1,0.9767183661460876,1,1,274,0.24452554744525548,max
110,E3__CoEfp__confirmed,C1,E3,confirmed,1,0.9090926647186279,1,1,274,0.24452554744525548,max
111,E3__CoEfp__confirmed,C2,E3,confirmed,0,0.12496156990528107,0,1,274,0.24817518248175183,max
112,E3__CoEfp__confirmed,C3,E3,confirmed,0,0.6250709295272827,1,0,274,0.24817518248175183,max
113,E3__CoEfp__confirmed,C4,E3,confirmed,1,0.9204813838005066,1,1,274,0.24452554744525548,max
114,E3__CoEfp__confirmed,C5,E3,confirmed,1,0.928916335105896,1,1,274,0.24452554744525548,max
115,E3__CoEfp__confirmed,C6,E3,confirmed,0,0.37358608841896057,0,1,274,0.24817518248175183,max
116,E3__CoEfp__confirmed,C7,E3,confirmed,0,0.30144375562667847,0,1,274,0.24817518248175183,max
117,E3__CoEfp__confirmed,C8,E3,confirmed,1,0.9830098748207092,1,1,274,0.24452554744525548,max
118,E3__CoEfp__confirmed,C9,E3,confirmed,0,0.4246581196784973,0,1,274,0.24817518248175183,max
119,E3__CoEfp__confirmed,C10,E3,confirmed,1,0.9757187366485596,1,1,274,0.24452554744525548,max
120,E3__CoEfp__confirmed,C11,E3,confirmed,1,0.9808375239372253,1,1,274,0.24452554744525548,max
121,E3__PaWa46p__inferred,C1,E3,inferred,1,0.981977105140686,1,1,274,0.24452554744525548,max
122,E3__PaWa46p__inferred,C2,E3,inferred,0,0.06113658845424652,0,1,274,0.24817518248175183,max
123,E3__PaWa46p__inferred,C3,E3,inferred,0,0.07356087863445282,0,1,274,0.24817518248175183,max
124,E3__PaWa46p__inferred,C4,E3,inferred,1,0.9834499955177307,1,1,274,0.24452554744525548,max
125,E3__PaWa46p__inferred,C5,E3,inferred,1,0.9800659418106079,1,1,274,0.24452554744525548,max
126,E3__PaWa46p__inferred,C6,E3,inferred,0,0.026841459795832634,0,1,274,0.24817518248175183,max
127,E3__PaWa46p__inferred,C7,E3,inferred,0,0.031221259385347366,0,1,274,0.24817518248175183,max
128,E3__PaWa46p__inferred,C8,E3,inferred,1,0.9937325119972229,1,1,274,0.24452554744525548,max
129,E3__PaWa46p__inferred,C9,E3,inferred,0,0.059672825038433075,0,1,274,0.24817518248175183,max
130,E3__PaWa46p__inferred,C10,E3,inferred,1,0.9882696866989136,1,1,274,0.24452554744525548,max
131,E3__PaWa46p__inferred,C11,E3,inferred,1,0.9847815036773682,1,1,274,0.24452554744525548,max
132,E3__PaWa58m__inferred,C1,E3,inferred,1,0.9835214614868164,1,1,274,0.24452554744525548,max
133,E3__PaWa58m__inferred,C2,E3,inferred,0,0.06069907173514366,0,1,274,0.24817518248175183,max
134,E3__PaWa58m__inferred,C3,E3,inferred,0,0.07985042780637741,0,1,274,0.24817518248175183,max
135,E3__PaWa58m__inferred,C4,E3,inferred,1,0.9843645691871643,1,1,274,0.24452554744525548,max
136,E3__PaWa58m__inferred,C5,E3,inferred,1,0.9822637438774109,1,1,274,0.24452554744525548,max
137,E3__PaWa58m__inferred,C6,E3,inferred,0,0.021201632916927338,0,1,274,0.24817518248175183,max
138,E3__PaWa58m__inferred,C7,E3,inferred,0,0.02980106882750988,0,1,274,0.24817518248175183,max
139,E3__PaWa58m__inferred,C8,E3,inferred,1,0.9938074946403503,1,1,274,0.24452554744525548,max
140,E3__PaWa58m__inferred,C9,E3,inferred,0,0.06037842854857445,0,1,274,0.24817518248175183,max
141,E3__PaWa58m__inferred,C10,E3,inferred,1,0.9879552125930786,1,1,274,0.24452554744525548,max
142,E3__PaWa58m__inferred,C11,E3,inferred,1,0.9863598942756653,1,1,274,0.24452554744525548,max
143,E3__PaZp__confirmed,C1,E3,confirmed,1,0.9839999079704285,1,1,274,0.24452554744525548,max
144,E3__PaZp__confirmed,C2,E3,confirmed,0,0.05609528347849846,0,1,274,0.24817518248175183,max
145,E3__PaZp__confirmed,C3,E3,confirmed,0,0.07010361552238464,0,1,274,0.24817518248175183,max
146,E3__PaZp__confirmed,C4,E3,confirmed,1,0.98475581407547,1,1,274,0.24452554744525548,max
147,E3__PaZp__confirmed,C5,E3,confirmed,1,0.9800499081611633,1,1,274,0.24452554744525548,max
148,E3__PaZp__confirmed,C6,E3,confirmed,0,0.023792557418346405,0,1,274,0.24817518248175183,max
149,E3__PaZp__confirmed,C7,E3,confirmed,0,0.033364325761795044,0,1,274,0.24817518248175183,max
150,E3__PaZp__confirmed,C8,E3,confirmed,1,0.9932895302772522,1,1,274,0.24452554744525548,max
151,E3__PaZp__confirmed,C9,E3,confirmed,0,0.05854253098368645,0,1,274,0.24817518248175183,max
152,E3__PaZp__confirmed,C10,E3,confirmed,1,0.9888760447502136,1,1,274,0.24452554744525548,max
153,E3__PaZp__confirmed,C11,E3,confirmed,1,0.9855964183807373,1,1,274,0.24452554744525548,max
154,d3__CmEmm__confirmed,C1,d3,confirmed,0,0.003412783844396472,0,1,274,0.24817518248175183,max
155,d3__CmEmm__confirmed,C2,d3,confirmed,0,0.017175428569316864,0,1,274,0.24817518248175183,max
156,d3__CmEmm__confirmed,C3,d3,confirmed,0,0.0019337550038471818,0,1,274,0.24817518248175183,max
157,d3__CmEmm__confirmed,C4,d3,confirmed,0,0.017164437100291252,0,1,274,0.24817518248175183,max
158,d3__CmEmm__confirmed,C5,d3,confirmed,0,0.003016912378370762,0,1,274,0.24817518248175183,max
159,d3__CmEmm__confirmed,C6,d3,confirmed,0,0.00458210613578558,0,1,274,0.24817518248175183,max
160,d3__CmEmm__confirmed,C7,d3,confirmed,0,0.10226208716630936,0,1,274,0.24817518248175183,max
161,d3__CmEmm__confirmed,C8,d3,confirmed,0,0.04723351076245308,0,1,274,0.24817518248175183,max
162,d3__CmEmm__confirmed,C9,d3,confirmed,0,0.014978092163801193,0,1,274,0.24817518248175183,max
163,d3__CmEmm__confirmed,C10,d3,confirmed,0,0.04868638888001442,0,1,274,0.24817518248175183,max
164,d3__CmEmm__confirmed,C11,d3,confirmed,0,0.027905507013201714,0,1,274,0.24817518248175183,max
165,d3__PaWa100p__inferred,C1,d3,inferred,0,0.001083500450477004,0,1,274,0.24817518248175183,max
166,d3__PaWa100p__inferred,C2,d3,inferred,0,0.009440930560231209,0,1,274,0.24817518248175183,max
167,d3__PaWa100p__inferred,C3,d3,inferred,0,0.0011816982878372073,0,1,274,0.24817518248175183,max
168,d3__PaWa100p__inferred,C4,d3,inferred,0,0.03573663905262947,0,1,274,0.24817518248175183,max
169,d3__PaWa100p__inferred,C5,d3,inferred,0,0.001589585212059319,0,1,274,0.24817518248175183,max
170,d3__PaWa100p__inferred,C6,d3,inferred,0,0.004139873199164867,0,1,274,0.24817518248175183,max
171,d3__PaWa100p__inferred,C7,d3,inferred,0,0.06542740762233734,0,1,274,0.24817518248175183,max
172,d3__PaWa100p__inferred,C8,d3,inferred,0,0.008407196030020714,0,1,274,0.24817518248175183,max
173,d3__PaWa100p__inferred,C9,d3,inferred,0,0.015365795232355595,0,1,274,0.24817518248175183,max
174,d3__PaWa100p__inferred,C10,d3,inferred,0,0.04919157177209854,0,1,274,0.24817518248175183,max
175,d3__PaWa100p__inferred,C11,d3,inferred,0,0.03860565647482872,0,1,274,0.24817518248175183,max
176,d3__PaWa137m__inferred,C1,d3,inferred,0,0.001512201619334519,0,1,274,0.24817518248175183,max
177,d3__PaWa137m__inferred,C2,d3,inferred,0,0.00963936373591423,0,1,274,0.24817518248175183,max
178,d3__PaWa137m__inferred,C3,d3,inferred,0,0.001542606740258634,0,1,274,0.24817518248175183,max
179,d3__PaWa137m__inferred,C4,d3,inferred,0,0.028230084106326103,0,1,274,0.24817518248175183,max
180,d3__PaWa137m__inferred,C5,d3,inferred,0,0.001930374768562615,0,1,274,0.24817518248175183,max
181,d3__PaWa137m__inferred,C6,d3,inferred,0,0.002970702014863491,0,1,274,0.24817518248175183,max
182,d3__PaWa137m__inferred,C7,d3,inferred,0,0.0242864228785038,0,1,274,0.24817518248175183,max
183,d3__PaWa137m__inferred,C8,d3,inferred,0,0.0030567890498787165,0,1,274,0.24817518248175183,max
184,d3__PaWa137m__inferred,C9,d3,inferred,0,0.009144092909991741,0,1,274,0.24817518248175183,max
185,d3__PaWa137m__inferred,C10,d3,inferred,0,0.019356459379196167,0,1,274,0.24817518248175183,max
186,d3__PaWa137m__inferred,C11,d3,inferred,0,0.03010431118309498,0,1,274,0.24817518248175183,max
187,d3__PaWa21m__inferred,C1,d3,inferred,0,0.0013070119312033057,0,1,274,0.24817518248175183,max
188,d3__PaWa21m__inferred,C2,d3,inferred,0,0.0064928606152534485,0,1,274,0.24817518248175183,max
189,d3__PaWa21m__inferred,C3,d3,inferred,0,0.0017364267259836197,0,1,274,0.24817518248175183,max
190,d3__PaWa21m__inferred,C4,d3,inferred,0,0.03151017054915428,0,1,274,0.24817518248175183,max
191,d3__PaWa21m__inferred,C5,d3,inferred,0,0.001428572228178382,0,1,274,0.24817518248175183,max
192,d3__PaWa21m__inferred,C6,d3,inferred,0,0.0031153003219515085,0,1,274,0.24817518248175183,max
193,d3__PaWa21m__inferred,C7,d3,inferred,0,0.06350284814834595,0,1,274,0.24817518248175183,max
194,d3__PaWa21m__inferred,C8,d3,inferred,0,0.00986580178141594,0,1,274,0.24817518248175183,max
195,d3__PaWa21m__inferred,C9,d3,inferred,0,0.011811167001724243,0,1,274,0.24817518248175183,max
196,d3__PaWa21m__inferred,C10,d3,inferred,0,0.1307351440191269,0,1,274,0.24817518248175183,max
197,d3__PaWa21m__inferred,C11,d3,inferred,0,0.026216618716716766,0,1,274,0.24817518248175183,max
198,d3__PaWa53m__inferred,C1,d3,inferred,0,0.0009381843847222626,0,1,274,0.24817518248175183,max
199,d3__PaWa53m__inferred,C2,d3,inferred,0,0.003453028155490756,0,1,274,0.24817518248175183,max
200,d3__PaWa53m__inferred,C3,d3,inferred,0,0.0007386287325061858,0,1,274,0.24817518248175183,max
201,d3__PaWa53m__inferred,C4,d3,inferred,0,0.019216779619455338,0,1,274,0.24817518248175183,max
202,d3__PaWa53m__inferred,C5,d3,inferred,0,0.0009362484561279416,0,1,274,0.24817518248175183,max
203,d3__PaWa53m__inferred,C6,d3,inferred,0,0.0014355923049151897,0,1,274,0.24817518248175183,max
204,d3__PaWa53m__inferred,C7,d3,inferred,0,0.03034846857190132,0,1,274,0.24817518248175183,max
205,d3__PaWa53m__inferred,C8,d3,inferred,0,0.0026367714162915945,0,1,274,0.24817518248175183,max
206,d3__PaWa53m__inferred,C9,d3,inferred,0,0.004180256277322769,0,1,274,0.24817518248175183,max
207,d3__PaWa53m__inferred,C10,d3,inferred,0,0.01079117227345705,0,1,274,0.24817518248175183,max
208,d3__PaWa53m__inferred,C11,d3,inferred,0,0.013068749569356441,0,1,274,0.24817518248175183,max
209,d3__PaWa58m__inferred,C1,d3,inferred,0,0.0021538804285228252,0,1,274,0.24817518248175183,max
210,d3__PaWa58m__inferred,C2,d3,inferred,0,0.007573512848466635,0,1,274,0.24817518248175183,max
211,d3__PaWa58m__inferred,C3,d3,inferred,0,0.001892177271656692,0,1,274,0.24817518248175183,max
212,d3__PaWa58m__inferred,C4,d3,inferred,0,0.10425324738025665,0,1,274,0.24817518248175183,max
213,d3__PaWa58m__inferred,C5,d3,inferred,0,0.002176017966121435,0,1,274,0.24817518248175183,max
214,d3__PaWa58m__inferred,C6,d3,inferred,0,0.0041559478268027306,0,1,274,0.24817518248175183,max
215,d3__PaWa58m__inferred,C7,d3,inferred,0,0.2348891645669937,0,1,274,0.24817518248175183,max
216,d3__PaWa58m__inferred,C8,d3,inferred,0,0.01731278747320175,0,1,274,0.24817518248175183,max
217,d3__PaWa58m__inferred,C9,d3,inferred,0,0.033022403717041016,0,1,274,0.24817518248175183,max
218,d3__PaWa58m__inferred,C10,d3,inferred,0,0.11229465156793594,0,1,274,0.24817518248175183,max
219,d3__PaWa58m__inferred,C11,d3,inferred,0,0.07379735261201859,0,1,274,0.24817518248175183,max
220,d3__PaZp__confirmed,C1,d3,confirmed,0,0.0009868554770946503,0,1,274,0.24817518248175183,max
221,d3__PaZp__confirmed,C2,d3,confirmed,0,0.008768443018198013,0,1,274,0.24817518248175183,max
222,d3__PaZp__confirmed,C3,d3,confirmed,0,0.001189494738355279,0,1,274,0.24817518248175183,max
223,d3__PaZp__confirmed,C4,d3,confirmed,0,0.03684377670288086,0,1,274,0.24817518248175183,max
224,d3__PaZp__confirmed,C5,d3,confirmed,0,0.0009811592753976583,0,1,274,0.24817518248175183,max
225,d3__PaZp__confirmed,C6,d3,confirmed,0,0.0036857493687421083,0,1,274,0.24817518248175183,max
226,d3__PaZp__confirmed,C7,d3,confirmed,0,0.07076849788427353,0,1,274,0.24817518248175183,max
227,d3__PaZp__confirmed,C8,d3,confirmed,0,0.009622208774089813,0,1,274,0.24817518248175183,max
228,d3__PaZp__confirmed,C9,d3,confirmed,0,0.01940087042748928,0,1,274,0.24817518248175183,max
229,d3__PaZp__confirmed,C10,d3,confirmed,0,0.057574231177568436,0,1,274,0.24817518248175183,max
230,d3__PaZp__confirmed,C11,d3,confirmed,0,0.0346352718770504,0,1,274,0.24817518248175183,max
231,e4__PaTgp__inferred,C1,e4,inferred,0,0.0033047539182007313,0,1,274,0.24817518248175183,max
232,e4__PaTgp__inferred,C2,e4,inferred,0,0.007998278364539146,0,1,274,0.24817518248175183,max
233,e4__PaTgp__inferred,C3,e4,inferred,0,0.0023596875835210085,0,1,274,0.24817518248175183,max
234,e4__PaTgp__inferred,C4,e4,inferred,0,0.005049063358455896,0,1,274,0.24817518248175183,max
235,e4__PaTgp__inferred,C5,e4,inferred,0,0.00313675869256258,0,1,274,0.24817518248175183,max
236,e4__PaTgp__inferred,C6,e4,inferred,0,0.0015502277528867126,0,1,274,0.24817518248175183,max
237,e4__PaTgp__inferred,C7,e4,inferred,0,0.010579798370599747,0,1,274,0.24817518248175183,max
238,e4__PaTgp__inferred,C8,e4,inferred,0,0.050035495311021805,0,1,274,0.24817518248175183,max
239,e4__PaTgp__inferred,C9,e4,inferred,0,0.0025830960366874933,0,1,274,0.24817518248175183,max
240,e4__PaTgp__inferred,C10,e4,inferred,0,0.005742781795561314,0,1,274,0.24817518248175183,max
241,e4__PaTgp__inferred,C11,e4,inferred,0,0.0029666400514543056,0,1,274,0.24817518248175183,max
242,e4__PaWa137m__inferred,C1,e4,inferred,0,0.0032538380473852158,0,1,274,0.24817518248175183,max
243,e4__PaWa137m__inferred,C2,e4,inferred,0,0.009286127053201199,0,1,274,0.24817518248175183,max
244,e4__PaWa137m__inferred,C3,e4,inferred,0,0.0020979703404009342,0,1,274,0.24817518248175183,max
245,e4__PaWa137m__inferred,C4,e4,inferred,0,0.005036333575844765,0,1,274,0.24817518248175183,max
246,e4__PaWa137m__inferred,C5,e4,inferred,0,0.0031326478347182274,0,1,274,0.24817518248175183,max
247,e4__PaWa137m__inferred,C6,e4,inferred,0,0.0014716855948790908,0,1,274,0.24817518248175183,max
248,e4__PaWa137m__inferred,C7,e4,inferred,0,0.010180377401411533,0,1,274,0.24817518248175183,max
249,e4__PaWa137m__inferred,C8,e4,inferred,0,0.04625268653035164,0,1,274,0.24817518248175183,max
250,e4__PaWa137m__inferred,C9,e4,inferred,0,0.0027725736144930124,0,1,274,0.24817518248175183,max
251,e4__PaWa137m__inferred,C10,e4,inferred,0,0.004488712642341852,0,1,274,0.24817518248175183,max
252,e4__PaWa137m__inferred,C11,e4,inferred,0,0.00246327999047935,0,1,274,0.24817518248175183,max
253,e4__PaWa28m__inferred,C1,e4,inferred,0,0.004488069098442793,0,1,274,0.24817518248175183,max
254,e4__PaWa28m__inferred,C2,e4,inferred,0,0.3669004440307617,0,1,274,0.24817518248175183,max
255,e4__PaWa28m__inferred,C3,e4,inferred,0,0.0037811549846082926,0,1,274,0.24817518248175183,max
256,e4__PaWa28m__inferred,C4,e4,inferred,0,0.007901955395936966,0,1,274,0.24817518248175183,max
257,e4__PaWa28m__inferred,C5,e4,inferred,0,0.004426144063472748,0,1,274,0.24817518248175183,max
258,e4__PaWa28m__inferred,C6,e4,inferred,0,0.00288882153108716,0,1,274,0.24817518248175183,max
259,e4__PaWa28m__inferred,C7,e4,inferred,0,0.5944394469261169,1,0,274,0.24817518248175183,max
260,e4__PaWa28m__inferred,C8,e4,inferred,0,0.6524622440338135,1,0,274,0.24817518248175183,max
261,e4__PaWa28m__inferred,C9,e4,inferred,0,0.0024088441859930754,0,1,274,0.24817518248175183,max
262,e4__PaWa28m__inferred,C10,e4,inferred,0,0.006215304601937532,0,1,274,0.24817518248175183,max
263,e4__PaWa28m__inferred,C11,e4,inferred,0,0.009286266751587391,0,1,274,0.24817518248175183,max
264,e4__PaWa63p__confirmed,C1,e4,confirmed,0,0.002732272259891033,0,1,274,0.24817518248175183,max
265,e4__PaWa63p__confirmed,C2,e4,confirmed,0,0.008126014843583107,0,1,274,0.24817518248175183,max
266,e4__PaWa63p__confirmed,C3,e4,confirmed,0,0.002140708500519395,0,1,274,0.24817518248175183,max
267,e4__PaWa63p__confirmed,C4,e4,confirmed,0,0.006105184555053711,0,1,274,0.24817518248175183,max
268,e4__PaWa63p__confirmed,C5,e4,confirmed,0,0.0027198598254472017,0,1,274,0.24817518248175183,max
269,e4__PaWa63p__confirmed,C6,e4,confirmed,0,0.0017509241588413715,0,1,274,0.24817518248175183,max
270,e4__PaWa63p__confirmed,C7,e4,confirmed,0,0.010743536986410618,0,1,274,0.24817518248175183,max
271,e4__PaWa63p__confirmed,C8,e4,confirmed,0,0.04673285037279129,0,1,274,0.24817518248175183,max
272,e4__PaWa63p__confirmed,C9,e4,confirmed,0,0.0025164103135466576,0,1,274,0.24817518248175183,max
273,e4__PaWa63p__confirmed,C10,e4,confirmed,0,0.004212230443954468,0,1,274,0.24817518248175183,max
274,e4__PaWa63p__confirmed,C11,e4,confirmed,0,0.0032489069271832705,0,1,274,0.24817518248175183,max
