feature_idx,importance_mean,importance_max
0,0.0006844843435101211,0.0012490784242982045
1,0.0017609017295762896,0.0017534688708838076
2,0.0024739648611284792,0.0027097356878221035
3,0.0013410554532310925,0.003881173325935379
4,0.0008249899977818132,0.0016235781367868185
5,0.003479351904243231,0.0033913376135751606
6,0.0024050363479182126,0.0034050724282860757
7,0.0002376045926939696,0.005654786969535053
8,0.004148679827339947,0.004782664715312421
9,0.0021638942201389,0.003461164038744755
10,0.0013401340987911682,0.004693776896456257
11,0.0012447663606144487,0.0012329808712820522
12,0.0006195804019807838,0.0008039485465269535
13,0.0015417751320637762,0.0022071774065261706
14,0.000997795022558421,0.0026385377533733843
15,0.0020561067713424563,0.001386922982201213
16,0.0011896044036802777,0.004162481655366718
17,0.0037866190203931184,0.007097369586117566
18,0.0007025278301443905,0.00014512894151266664
19,0.00046785873477347197,0.0007724214310292155
20,0.0014224171347450465,0.0012884875433519483
21,0.0020971461234148593,0.0015353304066229611
22,9.340285905636846e-05,0.0011600526644906495
23,0.0008602625915955286,0.005899611888453365
24,0.001248289049253799,0.002540128268301487
25,0.0017730478302109987,0.0018209235765971243
26,0.0011750475701410323,0.0006666431881603785
27,0.00482098972890526,0.002594632995314896
28,0.001310370125574991,0.0014089605736080557
29,0.0024540449120104314,0.0035822024918161334
30,0.0008619089331477881,0.0012226978887338192
31,0.005389771852642298,0.002014501333469525
32,0.0010356295830570162,0.002603108766488731
33,0.0009963150008115917,0.0009237492177635432
34,0.0027008388060494326,0.0006225587148219347
35,0.0006837406381964684,0.0014680946242879144
36,0.0020081733414554037,0.0013208784448215738
37,0.0009901446744333953,0.0022119039401877674
38,0.0011496072122827172,2.005796181038022e-05
39,0.006299100724281743,0.00045643865247257053
40,0.0016120792657602578,0.0009379605320282281
41,0.0017612211895175279,0.0011409345467109234
42,0.0,0.0019308235694188625
43,0.0033281613746657967,0.0028824051190167667
44,0.0014069339774141554,0.00019075119460467248
45,0.0010487353254575282,0.0021000789909157904
46,0.00018986678500368726,0.0018275873980019243
47,0.001488029850879684,0.0045070405676960945
48,0.0004175431828480214,0.0006457048089941964
49,0.00042398003046400845,0.0016654066264163703
50,0.0020742258219979704,0.0001579440903151408
51,0.0009722118359059095,0.00508033421356231
52,0.0006897385726915672,0.0017069898836780339
53,0.0005793689007987269,0.00212231915211305
54,0.0014480062085203825,0.0014879897184437141
55,0.0010021813267667313,0.0012803793500643223
56,0.006499904810916632,0.0010462663974612951
57,0.0006175827153492719,0.0005119506959454156
58,0.002951494868611917,0.00032150915591046215
59,0.002580529291881248,0.00033915608073584733
60,7.98423367086798e-06,0.0020848475582897663
61,6.316343555226922e-05,0.00034545580856502054
62,0.00010433432646095753,0.00037852769630262626
63,2.058579702861607e-05,0.0005882210237905383
64,0.0007999846714665182,0.0007680540904766531
65,0.0005447267997078598,0.0002450352569576353
66,0.0005015199782792478,0.0003482805530074984
67,0.00837256970233284,0.001546675459248945
68,0.0018807792209554464,0.003230925293173641
69,0.0006392656173557043,0.001222841425333172
70,6.958059035241604e-05,0.00012305516749620439
71,0.0020906939031556247,0.00030706575722433627
72,0.0006039153673918918,0.0006556839309632778
73,0.0006724108010530472,0.00119303505634889
74,0.0013535147137008607,0.0005888148944359272
75,0.0004448846774175763,0.0047477571875788275
76,0.0003898738860152662,3.4006715868599716e-05
77,0.003378511953051202,0.0005093160946853459
78,0.0058525124809239056,6.210485473275185e-05
79,0.00011090740794315934,0.00046491444110870363
80,0.002305596196092665,0.0006840820086654276
81,0.001583686349913478,0.0003469616145594046
82,6.46165490616113e-05,0.00019286903028842062
83,0.0029535826621577142,0.0011044217087328434
84,0.0004269666719483212,0.0002704843075480312
85,0.00011678507173201069,0.0006022838677017717
86,0.0002136313880328089,0.00019744450808502733
87,0.001358692975481972,0.0024082797265145926
88,0.0001797837350750342,0.00013525710441172122
89,5.362969357520342e-05,0.00031594349071383475
90,0.0008964892406947911,0.0015989563788753004
91,0.0,0.00012891424703411757
92,0.00037135374324861917,1.5419416595250368e-05
93,0.0007560714799910783,2.4659193004481496e-05
94,0.0013857345236465335,0.0011263874516589567
95,0.0007671636115992442,0.0002908895959262736
96,0.0005341311619849876,0.00021729820466134697
97,0.00020575920469127597,0.0012244379956973717
98,0.0012399328651372344,0.0030227260594256223
99,0.0002552333619678393,0.0005717366660246626
100,0.0007241732586408034,0.0011137851676903665
101,0.0014341189595870674,0.0015294624806847423
102,0.0013396909832954407,0.00010780111653730274
103,0.0008198780182283371,0.00022833274328149856
104,0.00408260231371969,1.6119880456244572e-07
105,0.0012485633243340998,0.0005941033316776156
106,0.0003664027573540807,0.0009651206852868199
107,0.005050418408354744,0.00402094503166154
108,0.0020526795578189195,0.0003931278479285538
109,0.0001290954020805657,0.0022581796802114695
110,0.00019421705277636648,0.003871801006607711
111,0.0007859536350588314,0.0006482621235772968
112,0.000550970358599443,0.0002591420244425535
113,0.00018122900451999157,0.0002871969703119248
114,0.00015397931972984224,0.00034296415600692853
115,0.0003406942803940183,0.0007378312875516713
116,0.002519482164643705,0.00014406980364583432
117,0.00035958443564595657,0.0007711716478661402
118,0.00017010377836413682,0.000983679913042579
119,0.00017747843638062476,0.001285183184663765
120,9.74121737817768e-05,5.38618303835392e-05
121,0.0009159904951229692,0.0034169855364598336
122,0.0010714039087179118,0.0005163612449541688
123,0.00012000090297078713,0.00036065155756659806
124,0.0008147638925584033,0.00024356437381356955
125,0.00010657789709512145,6.388940848410129e-05
126,0.0009518796089105308,0.004308225838467478
127,5.089835758553818e-05,0.00016563849290832878
128,5.0574890337884426e-05,0.0004839856197941117
129,0.0008050521672703326,8.848210665746592e-05
130,0.00012037828702887054,0.0010204615838301833
131,9.211329917889088e-05,0.005715304855257273
132,0.00043265015759970995,0.000218064344371669
133,0.0009177110495511442,0.000920627317391336
134,2.777047222480178e-05,3.2803586218506095e-05
135,0.0001815042842645198,0.00039135494153015317
136,1.7685011844150722e-05,9.855892043560744e-05
137,0.001826944917847868,0.0
138,0.00011991017730906605,0.00016013681888580323
139,0.001304767900146544,0.0007369611389003695
140,3.3443236025050285e-05,9.025332517921925e-05
141,0.00025004801398608833,0.00010503585450351238
142,0.0016667640721425413,0.0
143,0.0017498922534286976,0.0023242366733029485
144,0.0005130287955398672,0.0009560810844413937
145,6.274893734371289e-05,0.00016952494159340857
146,9.879911522148177e-07,0.0004181818617507815
147,1.3567411806434392e-05,0.0005108351315720938
148,6.371268769726157e-05,0.0014916180886211806
149,0.00024424967064987866,0.00039188245758850824
150,2.3718129377812146e-05,1.1386011028662324e-05
151,0.0004310071002691984,0.00010218624491244555
152,0.005093687379267067,0.0009391059871995821
153,0.00020062344381585717,0.00014508329215459525
154,0.000635730522335507,0.000379886117298156
155,0.0003898611490149051,0.00027566521661356093
156,0.0004071935545653105,0.0
157,0.0008434291183948517,2.7372040785849095e-05
158,0.0,0.00014626343501731754
159,1.786121865734458e-05,0.000540679789846763
160,1.2792053166776895e-05,0.00010151404188945889
161,0.0001096095296088606,0.008137855976819992
162,0.00029912870901171117,3.5474270116537806e-05
163,0.0016192255145870149,0.0
164,0.0,0.00012877924425993114
165,0.00035053270403295755,0.000196216085460037
166,0.00019624885579105466,1.8050285871140658e-05
167,0.0015599424375977832,0.0
168,0.0004281759544392116,0.0003647050191648304
169,3.1792314257472756e-05,5.488738417625427e-05
170,7.439905311912298e-05,0.0
171,1.6368336509913206e-05,0.00034884996246546505
172,4.748356295749545e-05,0.0006521787715610117
173,0.0027286885783541948,3.0031949136173354e-05
174,9.942507720552385e-05,0.0005448461463674903
175,0.0022206791478674858,0.0024926593550480903
176,0.00018739443738013506,0.0
177,0.000122306706616655,0.0010664464929141103
178,0.0011001099535496905,0.0
179,0.0002988050173735246,0.0002614931284915656
180,0.000583999298978597,0.00039935527136549355
181,0.001235212250612676,0.0009912576456554234
182,0.0002975228405557573,0.0002534238831140101
183,2.2593247704207896e-05,0.0005688718741293997
184,0.000316061862395145,0.00897550877649337
185,0.0,8.390610513743013e-05
186,4.692817979957908e-05,0.0008037449920084328
187,0.0012575096779619344,0.00018133393139578403
188,0.0005719988467171788,0.0006898811843711883
189,9.601457044482231e-05,6.0935010842513294e-05
190,7.660503964871168e-05,0.00044232631102204324
191,0.00011076504015363752,0.0008982764766551554
192,0.0006528158334549516,0.00015304464614018798
193,0.0003324914557742886,0.004498218570370227
194,0.005838577104732394,0.00011577886180020869
195,0.0,0.0006133521802257747
196,1.1063638085033745e-05,0.0008928972308058291
197,0.00045584568288177253,7.216915022581816e-05
198,4.0226615965366364e-05,5.15055563300848e-05
199,3.6865619476884605e-05,0.0
200,1.9962284131906926e-05,0.0005036773941901628
201,1.667011238168925e-06,7.304390892386436e-06
202,0.0,0.00047263117041438816
203,1.3972885208204388e-05,0.0006307754199951887
204,0.002166886914346833,0.00019707527011632919
205,6.489396560937167e-05,3.71409859508276e-05
206,0.0004896022834873292,0.0
207,0.0016525679663755,0.0
208,0.0,0.00046516283036908136
209,0.0009160682000219822,0.0
210,0.0,7.256896118633449e-05
211,0.0,0.00011615276336669922
212,2.4259954225271942e-05,0.0
213,0.001065511415945366,0.0
214,0.0016456461558118462,6.360525672789663e-05
215,0.0003418643941404298,0.0
216,0.0012444935063831509,0.0004991042125038803
217,3.209321293979883e-05,3.26815084554255e-05
218,0.00031366767070721834,0.0020902249979553745
219,0.0,0.0
220,0.0002489215257810429,0.00021604780864436179
221,0.0019396189783583396,0.0015150473464746027
222,7.691020146012306e-05,0.0010575374195468611
223,0.00013651121582370252,0.00040349265007535
224,0.0,4.8762801452539864e-05
225,0.0,7.467889226973057e-06
226,0.0008112218673340977,0.0017188873159466312
227,7.60224458645098e-05,7.579219993203879e-05
228,0.0,0.000757292305061128
229,0.0008331404384807683,0.0
230,0.0029494326340500266,1.3093183515593409e-05
231,0.0,0.0003751191426999867
232,0.0004006721032783389,0.0005486174440011382
233,6.584450835362077e-05,0.0016688529343809933
234,0.0010897106520133093,0.0
235,0.0001079215416302759,0.0038859849888831376
236,0.00037082158960402014,0.0
237,2.0332265412434934e-05,0.0
238,0.00024965814140159637,0.01208111765794456
239,0.0006669995203264989,6.548963487148286e-05
240,0.00038366080552805216,0.003694792145397514
241,3.834809002000839e-05,2.897038822993636e-05
242,0.0,0.0
243,0.000790470230858773,0.0003158806433202699
244,0.0,0.0008858123573008925
245,0.003658639136701822,0.0
246,3.651281353086233e-05,0.001886390191502869
247,0.0009123662672936916,0.0
248,0.0001454094611108303,0.00025413016555830836
249,3.107976168394089e-05,0.0005097441340330988
250,6.066045956686139e-05,0.0
251,0.0016888111550360917,0.005468101608566939
252,0.00022140761866467072,0.0
253,4.352860152721405e-05,2.0157666876912118e-05
254,0.0,0.0012922325526596979
255,8.99082055548206e-05,0.0020385874412022532
256,0.0003618881106376648,0.0
257,5.026845610700548e-05,4.9873997922986746e-05
258,0.0001557059120386839,0.00035314459179062394
259,0.004625127940671519,6.373474199790508e-05
260,0.00011174536950420589,8.237019501393661e-05
261,0.00015981059084879234,0.00026783520355820655
262,5.6540112709626555e-05,3.6196078872308136e-05
263,0.0,0.0003558471711585298
264,6.012361845932901e-06,0.0
265,0.0,2.411965106148273e-06
266,0.0,0.0
267,1.6068173572421074e-05,0.0
268,0.0015476161299739033,0.0
269,0.00015627586864866316,0.00010484492406249047
270,0.00025024269591085614,2.7964215259999037e-05
271,7.08415126428008e-05,0.00023793387692421674
272,0.0010093329177470877,0.0005676394631154836
273,0.00012241966207511722,0.0
274,0.0003799641813384369,7.722012815065682e-05
275,5.6433798745274545e-05,0.0011314227152615785
276,8.038511499762535e-05,0.00011754327453672886
277,0.0011727996438276023,0.0008249937964137644
278,0.0,0.0
279,0.0,0.0
280,2.5811390951275826e-05,0.001065682410262525
281,2.627314766868949e-05,0.0009703909163363278
282,0.0015015544649213553,4.262275062501431e-05
283,0.0037062792864162473,2.6310288812965155e-05
284,4.27683861926198e-05,0.00017841208842583
285,0.0005713477241806686,7.640205323696137e-05
286,0.0,0.0
287,0.00011950794403674081,0.00014478377299383281
288,7.25837063509971e-05,7.290145382285118e-05
289,5.439999047666788e-05,0.0
290,0.00015818150248378515,0.0012254100787686185
291,0.000584336540196091,0.00014172878116369247
292,0.001524714296683669,0.00025862058624625205
293,0.0002596673206426203,5.540058249607682e-05
294,0.00038285601418465377,0.0008515039761550724
295,0.0004857759992592037,0.00017359991092234849
296,1.80016562808305e-05,0.00042967309243977067
297,0.0024662886862643063,0.00022976552252657712
298,0.00040926600515376775,0.0
299,0.00010428198089357466,0.0003152947407215834
300,0.0001802702620625496,0.0
301,0.00014185589621774854,0.00010667597700376064
302,0.00027036520536057653,0.0012081076977483462
303,0.0,0.00019047767302254214
304,6.178549490869045e-05,0.00018733760312898085
305,0.0,0.00021447305101901293
306,0.0004306524887215346,4.1015255264937876e-05
307,0.0,0.00017992186825722457
308,0.00010940884239971638,0.0
309,4.39313385868445e-06,0.0
310,7.805179455317558e-05,0.0
311,0.0009696048189653083,0.00012577998102642596
312,0.0006946112075820565,0.0013110597763443365
313,0.0,0.00423688972601667
314,5.933477077633142e-05,6.742449477314949e-05
315,0.00026650448329746724,0.0019687691470608114
316,0.0,0.0003875964100006968
317,0.0,0.0004416061119991355
318,0.0,0.0002474420890212059
319,0.0,0.0
320,7.926979102194309e-05,0.00016631015460006894
321,0.0,0.0004810668743448332
322,0.004881010940880515,0.0
323,0.00011622668709605932,0.0003277801407966763
324,5.202743224799633e-05,0.005630202002357691
325,0.00030825614085188134,8.39726417325437e-06
326,8.291636826470495e-05,2.704002195969224e-05
327,0.00012576894601806998,0.00048109774477779867
328,0.00012142537510953844,0.00014599832706153394
329,0.0,0.00012186356703750789
330,6.427513435482978e-05,0.000225017205812037
331,0.0,0.0
332,0.004877922590821981,0.00013081137556582688
333,0.000473035384202376,0.00020517371245659888
334,4.085270455107093e-05,0.004439194912556559
335,0.0,0.010276863763574512
336,0.0006663331373420078,0.0002964835660532117
337,0.0,7.872915011830628e-06
338,0.0013216008921153844,2.2926649544388057e-05
339,0.0005987199535593391,6.787302227166947e-06
340,2.6733025442808867e-05,0.0
341,0.00018546780571341515,0.0
342,0.00016107658855617048,0.0
343,0.0,1.6911340644583106e-05
344,0.000237367317895405,0.0
345,0.0021535819210112095,0.0
346,0.0,0.0014904323313385248
347,0.0009026402304880321,0.0
348,0.00010179264470934868,0.0009789169438590762
349,0.0,4.521688912063837e-05
350,0.0010318977572023869,0.0006634515136829577
351,0.0,9.299493685830384e-06
352,0.000983675131574273,0.00011349286942277103
353,0.0,0.0007181236427277327
354,0.001169462059624493,0.0009632048744242638
355,0.00044953905162401495,0.0001851905806688592
356,0.0,0.0010471115307882429
357,0.00041598530136980114,0.0
358,0.00023063798231305556,0.0001528568789944984
359,6.500134710222482e-05,0.00038818853441625835
360,0.0,0.0
361,0.0,0.0020540969353169203
362,0.0,0.0014321954955812545
363,0.0002413947187596932,0.001328866959665902
364,4.7881208010949195e-05,0.0
365,0.0006059361106599681,0.0001385348429903388
366,0.0001624369667842984,0.0007982118183281272
367,0.00014317159075289966,0.0001335479854606092
368,0.00010286481119692326,0.004681228593108244
369,0.00022610198706388474,0.0
370,5.76117511081975e-05,0.0005526377214118838
371,1.083452720195055e-05,6.118920282460749e-05
372,0.00012743477833282668,9.27032099571079e-05
373,9.369936771690845e-05,1.478013233281672e-05
374,5.619348492473364e-05,0.00027307203388772907
375,0.0008052935934392735,0.0
376,3.173132659867406e-05,0.0018360192095860839
377,0.0002363497531041503,0.0
378,0.00011205944931134581,0.00010171898728003726
379,0.00028755423030816016,0.00011187834199517965
380,0.0,0.0
381,3.944584634155035e-05,0.0
382,0.0,0.0
383,8.058396633714438e-06,0.0006409085926134139
384,0.00043757280451245606,7.354310597293079e-05
385,6.968745146878064e-06,7.550678012194112e-05
386,0.0,0.005678023695945739
387,0.0007673765975050628,0.00033853717613965275
388,4.981213714927435e-05,0.0
389,0.0,0.0
390,0.00010792518965899944,2.535686595365405e-05
391,0.0005884122033603489,0.0027688728726934643
392,6.217221962288022e-06,0.0010242810209456367
393,0.0,6.594818085432053e-05
394,0.0007522766158217564,0.00024332142726052553
395,0.001236203876323998,0.0006991085706977173
396,9.849789086729287e-05,0.0012738662172341719
397,0.0003025611175689846,0.0
398,0.0,0.0002360885008238256
399,0.0013043010479304939,5.528702899937343e-09
400,0.0,0.0
401,0.00030810276919510213,0.001003718109568581
402,0.0,0.0
403,9.720823378302157e-05,0.00015270862728357316
404,9.176338353427128e-06,8.32648303185124e-05
405,8.985275402665139e-05,0.0017032760754227638
406,0.0001821335806744173,0.000579312565678265
407,0.00028944416902959347,3.826569300144911e-05
408,0.0,0.0007129690772853792
409,9.697547764517367e-05,0.0013778783159796148
410,0.0001307409885339439,0.0
411,1.0964866960421205e-05,2.4641745258122684e-05
412,1.880985451862216e-05,1.7672856338322162e-05
413,0.0005470879458880517,0.000674446071498096
414,0.0010015585052315147,0.00043647889979183676
415,0.0007755265850573778,0.0
416,0.0005880198278464377,0.0001067467057146132
417,0.003533097008476034,9.549204260110855e-05
418,0.00025637025537434966,0.00016787931905128063
419,0.0007373667880892754,0.0006893334654159844
420,0.0,0.0008765601040795445
421,8.020351087907329e-06,0.0017544539750088007
422,4.77709318511188e-05,0.00017301637446507813
423,3.562763798981905e-05,0.00048026671167463066
424,0.0002397350373212248,1.567872619489208e-05
425,7.236989215016365e-05,7.515586563386023e-05
426,0.0,0.0
427,1.0459425393491983e-05,0.00027810276369564233
428,1.1996321845799684e-05,0.0004043813300086185
429,0.0,5.904221325181425e-06
430,4.13007102906704e-05,4.50621044728905e-05
431,2.655328717082739e-05,6.180347176268697e-05
432,8.471571025438607e-05,0.008343071467243135
433,0.0,0.0
434,0.0,0.0
435,0.0017028925218619407,0.0
436,0.0,0.0007936140149831772
437,0.00013626232743263244,0.0005021261214278638
438,0.00012633309874217956,0.0
439,0.0,0.0
440,0.0,0.0
441,0.0,0.0
442,4.646369721740484e-05,0.00045979230548255146
443,1.2678939383476972e-05,0.00048065973911434414
444,0.0,0.0
445,0.0015269700298085808,0.0008048750576563179
446,0.0,9.564812295138836e-05
447,0.0,0.001099562756717205
448,0.0017871601693332196,0.0
449,0.0019984781666425987,0.000356824524642434
450,0.0,0.0
451,0.002687989554251544,0.0009440684970468282
452,0.0,9.268583729863167e-05
453,0.0,0.0011789025086909532
454,0.0004227374383481219,6.77451805677265e-05
455,0.00038917370868148284,0.0013594474934507162
456,0.0,0.0
457,0.0011023343773558735,1.4424429973587394e-05
458,2.353372285142541e-05,0.00036171461106278003
459,0.0009931981036788785,0.0
460,0.0,0.0003269077930599451
461,0.0077762005385011435,0.0
462,2.0704403577838093e-05,0.00040693494433071466
463,7.70827231463045e-05,0.0
464,0.0,0.00014902475290000437
465,3.150742966681719e-05,0.0002282670815475285
466,0.00028127578436397014,0.00021220563678070903
467,0.0009622434061020613,7.64681218424812e-05
468,0.0,0.00015327897621318697
469,0.0005698098661378027,0.0
470,0.0,0.0003533469929243438
471,0.0,0.00046807655715383587
472,8.616492850705981e-05,6.523354051751084e-05
473,8.334501413628459e-05,7.232634772663004e-05
474,0.00034609675174579024,0.0
475,0.0,0.0
476,5.412126891314983e-05,3.9196410216391084e-05
477,0.0,5.011762899812311e-05
478,0.0,9.475055849179625e-05
479,0.0007607635692693293,5.813208408653736e-05
480,0.0,0.0005349985614884645
481,0.000232254508882761,0.000454290597117506
482,0.0002971852530026808,0.0
483,0.0,0.0002536942600272596
484,0.0010152109200134874,0.00013061251491308212
485,0.0013245006569195538,0.0038888244703412056
486,0.0003667105140630156,0.0014138441963586956
487,0.0,0.00015793144702911377
488,1.7664761398918925e-05,0.002096085761440918
489,0.0009581213060300797,0.00040388213004916907
490,0.0009832875305437483,0.001976840753050055
491,0.0,0.0007134893746115267
492,0.00010281485912855715,5.432140082120896e-05
493,0.005811450467444956,0.0
494,7.690702797845006e-05,0.006083775284932927
495,0.000407158347661607,9.170891251415015e-05
496,0.0,5.5204266682267187e-05
497,0.004055885393172503,0.0
498,3.753447905182838e-05,0.0001669167063664645
499,0.00014584389107767494,0.0004422598396195099
500,0.00024322357785422355,0.00010540108720306306
501,0.0,6.107237190008164e-05
502,0.0,0.0005864474806003273
503,0.0002575986896408722,7.128863129764796e-05
504,0.0001413970976136625,0.00013389251427724957
505,0.0,4.453646717593074e-05
506,0.00016309432656271382,1.0240300325676798e-05
507,0.0005343744379933923,0.0003628229070454836
508,0.00036433644592761996,3.03523859474808e-05
509,0.0,0.0006150783749762922
510,0.00018376009480562062,0.0006563793547684326
511,0.0011486096167936922,0.000556149611948058
512,0.000280693972017616,0.00012918676249682904
513,0.002019956815056503,0.0
514,0.0,0.0005921923206187784
515,0.0,0.0
516,6.4267003290297e-05,1.8521015299484133e-05
517,0.0015279730956535786,0.007052668739343062
518,0.0006771570278942818,0.0
519,0.0009458710622857325,0.00037314136046916245
520,0.0,0.0
521,0.00011859818521770649,0.0
522,4.728856554720551e-05,0.0
523,0.0010513588826870546,0.0001455521857133135
524,3.5616655368357896e-05,0.0
525,0.0,0.0
526,0.0006761696218745783,0.0
527,0.0,4.729297012090683e-05
528,0.006359060413669795,0.0
529,0.00013476432068273425,0.0
530,0.00021865370916202665,0.0009097810235107318
531,0.005615822065155953,4.622489446774125e-05
532,7.76232045609504e-06,0.0
533,0.0,0.0
534,3.5829177359119055e-05,0.0
535,0.009288749790284783,2.2283826547209175e-06
536,0.0,0.0002605071011930704
537,6.436923984438182e-05,2.492739586159587e-05
538,0.001686213330249302,4.354363249149174e-05
539,3.7538076285272836e-05,0.0009617180074565113
540,0.0,0.0
541,1.58710649702698e-05,2.6208772324025633e-05
542,1.2730793096125125e-05,1.7260433523915708e-05
543,0.00022636224515736102,0.00020686240866780282
544,0.0,8.700408507138491e-06
545,0.0,0.00012977083097212016
546,0.0009893830807413905,8.406069595366716e-05
547,7.55852076690644e-05,0.0
548,0.0005204078025417403,0.0
549,0.00010260973125696182,2.703185426071286e-05
550,0.0,8.394307806156575e-06
551,1.9444323843345046e-05,0.0
552,0.00015084289480000735,0.00062747165793553
553,1.1638683208730071e-05,0.0005889153108000755
554,8.76831216737628e-05,8.895089267753065e-06
555,0.004811533753818367,0.0001719648577272892
556,0.0008877644746098667,0.0023017358587821947
557,0.0,2.630289294756949e-05
558,0.0,0.0
559,0.0,0.0011839688796317204
560,0.00017265088215935974,0.0
561,0.0,0.0003145796584431082
562,0.00010844741249457002,0.00021697773248888553
563,0.00010321680223569273,2.534902887418866e-05
564,6.780452094972134e-05,0.0007028052664827555
565,6.024775793775916e-05,0.0
566,2.4942122399806978e-05,0.00038300702697597445
567,0.0002210267074406147,0.0010385610212688334
568,3.458945779129863e-05,0.0
569,0.0,0.0
570,3.829496912658215e-05,0.0013313097256468609
571,0.0,0.0
572,2.9772047419101e-05,0.0011898688145447521
573,1.0505079990252852e-05,0.0001212182134622708
574,0.0007673289510421455,0.0003996925143292174
575,0.00047418105881661174,0.0008503023890079931
576,0.00047818555554840714,9.415096137672662e-06
577,0.0002098543389001861,5.9336062986403705e-06
578,0.0,0.0006430366687709465
579,0.00012779376935213806,0.0
580,6.960858590900897e-05,0.0010549117624759673
581,0.0009558513021329418,0.0021749356586951763
582,8.489834144711494e-05,0.0
583,0.0,3.3310941653326153e-05
584,0.0,0.0
585,0.00020458023063838482,0.0001296777289826423
586,3.49178072065115e-05,0.0
587,2.9341462068259715e-05,0.000461012151936302
588,0.0,0.00047096213791519403
589,0.00034671990666538475,0.0005888392619090155
590,0.008010693006217479,3.696340078022331e-05
591,0.00020898706978186965,0.0
592,0.0,0.0
593,0.0,0.00038636092096567154
594,0.00024471722412272356,0.0
595,6.569345714524388e-06,0.0
596,1.643301104195416e-05,0.0
597,0.0008667176656308584,0.0
598,2.3295145947486162e-05,0.0
599,1.2223664089106024e-05,3.574885020498186e-05
600,0.00044177169911563396,0.0
601,0.0004204027447849512,6.467122235335409e-05
602,1.1044818966183812e-05,9.283116087317466e-05
603,0.00023030861804727466,0.0007136025035288185
604,0.0,0.0
605,1.4986044261604547e-05,0.0
606,0.00021825379371875897,0.0
607,2.989007334690541e-06,6.158630130812526e-06
608,0.0003633835885557346,0.0
609,0.0,0.0
610,8.436944801360369e-05,0.00023977541364729406
611,6.528532307129354e-05,0.00019849863572744654
612,0.0,2.5425916537642478e-05
613,0.00023259166424395518,0.00011623924598097801
614,0.0,0.0
615,0.0,0.00012971552321687342
616,0.0,0.0
617,4.852128098718822e-05,0.0
618,0.0003049736387038138,0.0017844422743655741
619,3.704286878928542e-05,0.0005851013923529536
620,0.0,0.0
621,0.0,0.0
622,0.00010033417958766222,0.00133008447883185
623,1.317764981649816e-05,0.0009760589792858809
624,0.00034601919702254236,0.0
625,8.868407690897584e-05,0.0
626,0.0,5.220597144216299e-05
627,0.00023606348899193107,0.0
628,0.00013222564593888818,0.0
629,0.0,4.691145615652204e-05
630,0.0,0.0
631,0.0009640440013026819,0.0
632,0.0008353422279469668,0.0
633,0.0007388761139009148,0.0
634,1.858622534200549e-05,0.0
635,0.0001690560585120693,0.0
636,0.000370960634900257,0.0002783362244372256
637,2.0427749259397387e-05,0.0
638,0.0002256827219389379,0.0
639,0.0,0.0024934108997695147
640,0.0,0.0
641,0.0,7.269733934663236e-05
642,0.00012340929359197617,0.0
643,0.0,3.1462947372347113e-05
644,8.725189603865146e-05,5.6505099055357275e-05
645,0.0016336774080991745,0.0
646,8.604466624092311e-05,0.0008715233835391701
647,0.00011596031254157424,0.00013579174526967108
648,4.6339893597178164e-05,0.002574735871748999
649,0.0,5.273718270473182e-05
650,0.0,0.0007521748030558229
651,0.0,0.00023629832721780986
652,0.0,0.0
653,4.5054778456687925e-05,0.0
654,0.0,0.0
655,0.0,0.00045578088524052875
656,0.0,0.0
657,0.00011921701487153768,2.7130334638059138e-05
658,0.00037974307197146117,0.0
659,0.0005340018408605829,4.113345130463131e-05
660,0.0,8.41750024119392e-05
661,4.788648919202387e-05,0.0005086139874765649
662,1.4081732369959355e-05,0.0
663,0.00028893273207359016,0.0017252723348792642
664,0.00210974152199924,0.0
665,0.0,5.428234580904245e-06
666,8.574667386710643e-05,0.0
667,0.0001858845353126526,0.0
668,0.0,1.5028035268187522e-05
669,0.00013465045602060856,0.0004318865650566295
670,4.151027649641037e-05,0.0
671,2.6383590884506703e-05,0.0
672,0.0,0.0005269689596025273
673,0.0,0.0068864917010068895
674,0.0,0.0
675,8.071377174928785e-05,0.000175330558558926
676,0.0,2.1667125110980124e-06
677,1.6587625723332166e-05,0.00031071918085217475
678,0.0011289564217440784,0.0
679,0.00015116833907086402,0.0
680,0.0,9.863710205536336e-05
681,0.0,0.0
682,0.0011002785732853225,0.0
683,0.0,0.0
684,0.0,0.00032694706227630376
685,0.002822040042374283,0.0
686,0.0,0.00033499950135592373
687,0.00023231792205478995,2.285187132656574e-05
688,0.0,1.8970199162140487e-05
689,0.0,5.159268737770617e-05
690,0.0,0.010508481450378894
691,1.9358170684427024e-05,0.0006495415896642953
692,0.00811738908290863,0.010502772815525531
693,6.176570779643953e-05,0.0
694,0.002387592667946592,0.00028720268048346045
695,0.00024069505132501946,0.0006349204294383526
696,0.008835315965116023,0.0
697,0.0007210339128505439,0.0
698,2.0585347228916362e-05,0.0
699,3.399398564852163e-05,0.0
700,0.0,0.0
701,1.5828002942726017e-05,0.0
702,0.0014061803289223463,0.0004916942476120311
703,8.796395908575505e-05,0.0
704,0.0,0.0
705,0.0005562629544874653,0.00027903775218874217
706,0.0003755653029656969,7.96222354983911e-05
707,0.0,0.0017420585290528834
708,7.795232348144054e-05,5.500460974872112e-06
709,0.0,0.0
710,0.00020826524705626072,0.0
711,4.871943674515933e-05,0.0
712,7.996657921466977e-05,0.0
713,0.00014130532566923647,0.0
714,0.00039536950644105675,0.00024316585971973837
715,0.00012175355339422823,2.182589378207922e-05
716,8.862755261361599e-05,0.0
717,0.0,0.0001714684459147975
718,0.0015129045071080327,0.0001878374442458153
719,7.684319163672626e-05,0.0
720,8.974732423666865e-05,3.404552233405411e-05
721,0.0009036434255540371,0.0
722,1.320311421295628e-05,0.0
723,0.0,0.0006065203560865484
724,0.0,8.191565982997418e-05
725,0.0009888968232553451,6.032499950379133e-05
726,0.00013106046477332712,0.00017013772914651782
727,0.00133127374923788,0.0
728,5.873966380022466e-05,0.0
729,0.0,0.0
730,4.198419919703155e-06,5.003808531910181e-05
731,2.279809443280101e-05,0.00026615718379616735
732,0.0011210072381072677,0.0
733,2.3769750259816647e-05,0.0001599050755612552
734,0.0,7.977041008416563e-05
735,0.0,0.0006731800775742158
736,0.000233037227881141,4.160339827649295e-05
737,3.366044955328107e-05,0.0004650548746576533
738,5.227236506470945e-05,0.0010208254517056047
739,0.0007981621730141342,0.0005200044973753393
740,0.0,4.085627384483814e-05
741,0.0003662721556611359,3.2476804335601627e-06
742,0.000260071714874357,0.0
743,0.0005658404785208404,0.0
744,9.367726597702131e-05,0.0
745,3.104053612332791e-06,0.0
746,0.0,0.00020578348019625992
747,0.0,0.0
748,0.0004074730025604367,2.8828004433307795e-05
749,0.0,0.0
750,0.0,0.0
751,1.0921687353402376e-05,0.00015130698448047043
752,0.0,0.0
753,0.0002433299779659137,0.0
754,0.0,1.6032361891120672e-05
755,4.9047316424548625e-05,0.0
756,0.00016173009760677814,0.0
757,2.7455813833512365e-05,0.0
758,0.0,9.697918314486742e-05
759,0.0006725736410589889,0.0
760,0.0003709141770377755,0.0
761,0.00026378423091955483,0.0001917909985058941
762,0.0,0.0002161387982778251
763,0.0,0.0
764,7.565137464553118e-05,0.0
765,0.0,0.0002506593649741262
766,0.0,0.0
767,0.0,0.0
768,0.0,2.790543017908931e-05
769,0.000924805726390332,0.0
770,5.763196561019868e-05,0.0
771,0.0,0.0
772,7.114983804058283e-05,4.183361306786537e-05
773,0.000234082187525928,0.0
774,0.0010799631755799054,0.0
775,0.00022710958728566766,0.0
776,0.00011781595880165696,0.0
777,0.0,0.0
778,0.0,0.0009700415714178235
779,3.124896436929703e-05,0.00036571379692759367
780,5.5279572261497375e-05,0.00011043157079257071
781,0.0,0.0
782,0.0,0.0
783,0.0,7.55968363955617e-05
784,0.0,7.147239870391786e-05
785,0.00045398804009892045,0.0
786,0.0,0.00029089981457218526
787,0.0005071035551372916,0.0
788,0.0,0.00013636748772114516
789,0.0,0.00032466161996126176
790,0.0,0.0006096779799554497
791,0.0002968801115639508,9.807644877582789e-05
792,0.0003799247764982283,0.0
793,0.00028964216588065026,0.0
794,0.0,0.00039990577497519555
795,0.0,0.00029777604650007563
796,0.00019420338852796704,0.00018583510624011978
797,0.0034782048978377134,0.004559193500317633
798,0.00017396733135683463,0.0
799,1.922630694025429e-05,7.177879655500874e-05
800,0.0003422424479504116,0.0019120625033974647
801,0.0026937383401673285,0.00025891354831401257
802,0.0,0.0
803,1.0337404673919082e-05,0.007541704359464347
804,5.4971612989902496e-05,8.482971519697457e-05
805,0.0,0.0
806,8.710311842150986e-05,0.0
807,0.00026866961270570754,4.676923272199928e-06
808,2.9560913681052625e-05,0.0
809,0.00934771794360131,0.0002761361162993126
810,2.142883138731122e-05,5.353809683583677e-06
811,0.0008338400512002409,0.0
812,0.00019829116761684417,0.0004904462728882209
813,1.7208848148584366e-05,0.0005318510474171489
814,9.592478163540363e-05,0.0
815,4.226542310789227e-05,3.300099400803447e-05
816,2.710056258365512e-05,0.0
817,0.0,0.0
818,1.584544777870178e-05,6.374552322085947e-05
819,0.00024926414364017546,0.001310640817391686
820,0.022559374161064624,0.01076260985893896
821,1.4070119941607118e-05,0.0
822,2.5824612239375712e-05,6.606599548831582e-05
823,0.0006204611985594965,0.0005055266662384383
824,1.090766687411815e-05,0.0
825,0.0009038461901945994,0.0
826,8.63348669372499e-05,0.00023227813362609596
827,0.0,0.0001549151656217873
828,0.00021086053689941764,0.0
829,1.4368981937877834e-05,0.0008572889957576991
830,0.0,0.0
831,5.699904169887304e-05,6.656920770183206e-05
832,0.0,4.343671724200249e-05
833,0.0003429121186491102,0.0
834,0.0019908167293760924,7.702997885644436e-05
835,0.0,0.0
836,0.0,0.0
837,0.0,0.0
838,0.0,0.0001484545972198248
839,0.0,0.0
840,0.006467614109860733,0.0
841,0.0,0.0
842,0.000988138275570236,0.0
843,0.0,0.0
844,0.001279690675146412,4.291667602956295e-05
845,0.0,0.0
846,0.00044453530223108827,0.0002519150450825691
847,0.0,0.0002824701019562781
848,0.0007988698553526774,0.0
849,0.0,0.0002658987988252193
850,0.0,0.0003462162526557222
851,5.1308544643688945e-05,0.0
852,0.0,0.0
853,6.713143433444202e-05,0.0
854,3.682360285893083e-05,1.7534555809106678e-06
855,0.00014726851979503407,0.0011044671619310975
856,0.0,0.0
857,0.00010223843972198665,2.3484260309487582e-05
858,3.682299458887428e-05,0.0
859,0.0,0.0007703353837132453
860,4.875170066952705e-05,0.0008147138589993119
861,0.002029141811653972,0.0
862,0.0010181611450389028,4.7984214033931495e-05
863,0.0,1.1083571298513561e-05
864,0.0,0.00011592092458158732
865,0.00035138286941219124,0.0
866,0.0,0.0
867,0.00028912240246427247,0.0
868,0.0001733034022618085,0.0
869,4.674900264944881e-06,0.0
870,0.0,0.0
871,0.00043624501675367357,0.00019506027398165317
872,0.0,5.19876682665199e-05
873,0.0004091470278217457,2.219262532889843e-05
874,1.1986746685579419e-05,8.979013306088746e-05
875,6.293346581514925e-05,0.0
876,8.310297038406133e-05,7.604091195389628e-05
877,5.99584961310029e-05,0.0
878,0.0,0.004750213027000428
879,0.0013112460408592596,0.0
880,2.7759319928009062e-05,0.00016762631828896703
881,0.0009851730021182448,0.00017117831856012345
882,0.0,0.0
883,0.0004893711779732257,0.0007334802436525933
884,0.0011005139502231031,0.002136438520392403
885,0.0,0.00043921343254623937
886,0.00014596264954889194,4.068357520736754e-06
887,0.0,0.00015906571701634675
888,0.0,0.0009255637368187308
889,0.0,1.317461603321135e-05
890,0.0,0.0
891,7.804148364812136e-05,0.0
892,0.0003883001336362213,0.0
893,0.000842250850982964,0.0
894,0.00010289252561051398,2.6130490005016325e-06
895,0.0,4.44123157649301e-06
896,0.0,0.0
897,1.726539456285536e-05,9.172465652227402e-05
898,0.0007604940060991793,0.0004107157699763775
899,0.00026315310271456837,0.0
900,0.0,0.00020726545830257237
901,0.0,0.0
902,0.0003730673014069907,0.00020786536624655126
903,0.00013953119516372682,1.8395131919533016e-05
904,0.00028713074978441,0.0004866052977740765
905,0.0007501472561853007,9.685817691206467e-05
906,0.0,0.0
907,0.00012413486838340758,2.2425353527069093e-05
908,0.0017261699854861944,0.0008008910942589864
909,0.0,0.00015850795316509902
910,3.506079781800509e-05,5.0724949687719345e-05
911,0.0,2.632867843203712e-05
912,5.05475839599967e-05,0.0
913,0.0,0.0
914,0.0,0.00047751789446920156
915,6.546470569446683e-05,3.8344291970133784e-05
916,0.00012911356985569002,4.3505243957042695e-05
917,3.1957339961081746e-05,4.225150623824448e-06
918,0.0,0.001044530130457133
919,0.0,0.0015773975534830243
920,0.0,0.0
921,0.0,0.0
922,0.0004588814853923395,2.8668667655438186e-05
923,1.0684097651392221e-05,0.0
924,5.3457016474567356e-05,0.0
925,0.0,0.0
926,0.00033401933120330796,0.0
927,0.00012178356293588876,0.0
928,0.001291521581588313,0.0
929,0.0,0.00030955028720200064
930,0.00034079092554748056,2.2460754262283445e-05
931,0.0,0.0
932,0.0,0.0002763229139964096
933,0.0,1.3917770702391863e-05
934,0.0,0.0
935,0.0,0.0
936,2.8235591016709805e-05,0.0
937,0.0,0.0
938,0.0,0.0
939,0.0,3.788002737564966e-05
940,0.0,0.0
941,0.0,0.00018154167570173742
942,0.0,0.0
943,0.0,0.0
944,0.00029339313216041773,0.0
945,9.407989506144077e-05,0.0
946,0.00098484774120152,0.0
947,0.009365318715572358,0.0
948,5.375799082685262e-05,0.00025610528769902884
949,0.0002239016385283321,0.00021033058874309063
950,0.0104627219599206,0.001518336737062782
951,3.357099718414247e-05,0.0
952,0.0,0.0
953,0.0,0.0
954,0.0,0.0
955,0.0,0.00024953878368251027
956,0.00021233313716948032,0.0
957,0.0,0.0009296237584203482
958,2.438805968267843e-06,0.00029878735076636074
959,0.0,0.00014551289612427354
960,0.0,0.001029976398567669
961,1.6418782179243864e-05,0.0
962,0.00033259584102779627,0.00019520989939337597
963,0.00010505868645850569,0.0
964,2.411705150734633e-05,2.0515271462500095e-05
965,0.0,0.00023176788236014544
966,3.3496333344373853e-07,1.1349153937771917e-05
967,0.0,3.3733276650309564e-05
968,0.0,0.0
969,0.0002836560289142653,0.0
970,4.777104768436402e-06,0.0
971,8.372239826712758e-05,0.00031599584384821354
972,0.0,2.6761546032503246e-05
973,2.4398290552198887e-05,0.00010915187711361796
974,0.0,0.0
975,0.0,0.0
976,0.0,0.00011649092659354209
977,1.5525672351941467e-05,0.0011678539391141384
978,0.0,0.013222173061221839
979,0.0,0.0
980,0.0,1.1746379313990474e-05
981,0.0004998026696557645,0.0
982,0.0,3.0375071801245213e-05
983,0.0001097972015850246,0.0010578055970836431
984,0.002418444885406643,0.0001701348600909114
985,0.0,0.000663669577188557
986,2.0995652303099632e-05,0.0009520205244189128
987,7.327897008508444e-05,0.0010635251319035888
988,2.4255411117337643e-05,6.096627563238144e-05
989,0.0,0.0
990,0.00010537205263972283,0.0
991,3.659451846033335e-05,0.0003350535541540012
992,0.0,0.0
993,1.584285986609757e-05,0.0
994,0.0,0.0
995,0.00027837670873850586,0.0
996,0.0,0.0
997,0.0,0.00019841732922941445
998,0.0004525250248843804,8.795520290732383e-05
999,0.00016964299604296684,4.073161631822586e-05
1000,0.0001346938405185938,5.806167377158999e-05
1001,2.1861185668967664e-05,0.00010975383338518441
1002,0.0,0.0
1003,0.0,0.0
1004,9.842697763815523e-06,4.7546918503940104e-05
1005,5.519879923667759e-05,0.00016181803832296282
1006,0.0,0.0
1007,0.0,0.0
1008,0.0,0.0
1009,0.00017959614342544228,0.00017861122614704072
1010,0.0,0.0
1011,0.006695541581138969,0.0
1012,0.0,0.0013962154905311764
1013,0.0,0.0
1014,0.0,1.3709061313420534e-05
1015,0.0,0.00038840987253934144
1016,0.0,0.000645321193151176
1017,0.0019715937203727664,2.475462621077895e-05
1018,0.0005150767622399144,0.0
1019,0.0,0.001082339905842673
1020,0.0016680744010955095,0.00014142597676254808
1021,0.0,0.00010535119101405143
1022,0.0,0.0008075225746142678
1023,0.0,0.00039426354342140255
1024,8.27081361785531e-05,3.1051455298438665e-05
1025,0.0,0.0
1026,8.694989606738091e-05,0.0
1027,0.0,0.00026417819841299204
1028,0.0,0.0
1029,0.0,0.00044055209495127203
1030,1.2122226180508733e-05,0.0001394204515963793
1031,0.000718871607678011,0.0
1032,0.0,0.0
1033,0.00047621258709114046,3.6858514649793504e-05
1034,0.0002531379193533212,0.0
1035,0.0013362598512321711,0.0
1036,0.0,6.656316225416958e-05
1037,0.00016665133298374713,0.0
1038,0.0004287014095461927,0.00030253289151005447
1039,0.0,0.0003485823329538107
1040,0.0007245867641177029,0.0
1041,0.0,9.308643406257033e-05
1042,8.157211705110967e-05,0.00018875554203987122
1043,2.0722977351397275e-05,1.2588710087584331e-05
1044,0.00011280942911980674,0.00011668853694573045
1045,3.3171912655234337e-05,2.854018472135067e-05
1046,0.0,0.0
1047,0.0,1.3047587126493454e-05
1048,0.0,0.0
1049,2.3087852459866552e-05,0.0004601160390302539
1050,0.00013221417088061572,2.7619152097031473e-05
1051,2.7188409585505724e-05,0.0
1052,0.0009705089061753825,2.831296471413225e-05
1053,6.115274503827095e-05,0.0
1054,0.0,0.0
1055,0.0,0.0
1056,0.0,0.0
1057,0.0,0.00011608018598053604
1058,0.0013150014594430104,0.0
1059,0.0002869829948758706,0.0
1060,0.0009255298972129822,0.0
1061,0.0,0.0
1062,0.000825412927661091,0.0
1063,0.0,0.0005856297185528092
1064,0.0,0.0
1065,9.364830504637211e-05,0.00021737118950113655
1066,0.0,0.0
1067,0.0,0.0
1068,0.000610126965912059,0.0
1069,0.0,6.229279097169638e-05
1070,0.0,1.473650336265564e-05
1071,0.0007085227780044079,0.0001642888132482767
1072,0.0021778711257502436,9.453977225348353e-05
1073,0.0,7.742109592072665e-06
1074,4.822539398446679e-05,0.0038106580451130866
1075,6.777613889425993e-05,0.00048620710615068677
1076,0.0,0.0
1077,0.0004182330777985044,0.0
1078,0.0,0.00023964256281033158
1079,0.003153375647962093,0.0
1080,0.0,0.0
1081,0.0,0.0
1082,0.00020148153707850726,3.0363453552126883e-05
1083,0.0,0.0
1084,0.0,0.0
1085,0.0,0.0007770521589554846
1086,0.012576121961465105,0.0
1087,0.0016824208304751665,0.0
1088,0.0,0.0010007490095449612
1089,0.0,0.0
1090,0.0,7.2721351752989e-05
1091,4.508886951953173e-05,0.0
1092,0.0,0.004579426261188928
1093,5.694221705198288e-05,0.00016107456758618355
1094,0.0,0.0
1095,0.0001111014629714191,0.0
1096,0.0,0.0
1097,0.0,0.0
1098,0.0006579519005026668,8.066410489846021e-05
1099,0.0002680884825531393,0.0
1100,0.0006072034209500998,0.007896212572231888
1101,1.6669168835505844e-05,0.0004938707069959492
1102,0.0,0.0
1103,0.0,0.0
1104,0.0,0.0010845419199904426
1105,0.0,0.0
1106,0.0,0.0
1107,1.844627666287124e-05,0.0
1108,0.0006766608043108135,0.0
1109,0.0,0.0
1110,0.001189136039465666,4.4249198399484154e-05
1111,0.0,0.0
1112,0.0,0.0
1113,0.0,0.0
1114,0.00026875679439399393,0.0
1115,0.0,0.0
1116,0.0009900593804195524,0.0
1117,0.00016647932818159461,0.00013755406718701124
1118,0.0005480298394104465,0.0
1119,0.0,0.00012451236019842327
1120,0.0,6.439323653466999e-05
1121,3.305124584585428e-05,0.0007009101624134928
1122,0.000603799931704998,0.0003896829579025507
1123,0.0001816774916369468,5.340539268217981e-05
1124,0.0007665270532015711,3.609196748584509e-05
1125,0.0006811507549718954,0.00017762849820428527
1126,0.0,0.0
1127,0.0,0.0
1128,0.0008465274143964052,0.001430767671263311
1129,2.8261432889848946e-05,0.0
1130,0.0001780313305789605,0.0
1131,0.0,1.0880379704758525e-05
1132,0.0,0.0
1133,0.0,0.0
1134,7.131729362299665e-05,0.0
1135,0.0,0.0
1136,0.0,9.150964207947254e-05
1137,0.0004204592070891522,0.0
1138,0.0,0.0004841700242832303
1139,0.0,0.001751277749426663
1140,0.0,0.0
1141,0.0,3.066872246563435e-05
1142,0.00014623670605942607,7.9530801740475e-05
1143,0.0002270308043807745,6.883375812321901e-05
1144,5.708170356228947e-06,0.0
1145,0.0010196676827035843,0.0
1146,0.0,0.0
1147,0.00016600167378783226,0.0005510231608059257
1148,0.0,9.845898079220205e-05
1149,0.00026446821982972323,5.3739119321107867e-05
1150,0.0,0.0
1151,0.00027330704673659054,0.00021859802189283073
1152,0.001624324870062992,0.001022195338155143
1153,0.0005646305833943188,0.0006332502455916256
1154,0.0009682628349401057,0.003968890141695738
1155,0.00032399472896941004,0.0036702028103172777
1156,0.0004573340658680536,0.0008824536541942507
1157,0.00983050737529993,0.005118435476906598
1158,0.0015205461601726711,0.0008945906965527684
1159,0.00040259773741126994,0.0008985458174720406
1160,0.0005742359784198925,0.0017790749634150416
1161,0.0006775932747405023,0.0005035270063672215
1162,0.0004862060167943127,0.0007598592039721552
1163,0.0011830571002792566,0.0005813870625570416
1164,0.0008055130089633166,0.0007193401362746954
1165,0.001074391823494807,0.0042192639503628015
1166,0.0008732210728339851,0.0011399341892683879
1167,0.0019089063350111247,0.0003928319679107517
1168,0.0003783970954827964,0.0023316150531172753
1169,0.0007029988073918502,0.0003522138351399917
1170,0.0009069911146070808,0.0004646454320754856
1171,0.0008039708959404379,0.00047748403914738447
1172,0.0006022563291480764,0.00021351096453145146
1173,0.0042168689845129845,0.0005284519228735007
1174,0.0006619901058729738,0.0009545480803353712
1175,0.0003776606052997522,0.0002914192038588226
1176,0.00011631557310465724,0.0002544971241150051
1177,0.0016106679639779032,0.005327047659084201
1178,0.0004497879184782505,5.037644557887688e-05
1179,0.0003571759206533898,0.0013413706183200702
1180,0.0006142612843541428,0.00017681643657851964
1181,0.0004421467080828734,0.00022243550571147353
1182,0.0007147890917258337,0.00017788770841434598
1183,0.001147745773778297,0.006472562197595835
1184,0.00022125468094600365,0.0003503150852338877
1185,0.0015796884405426682,0.00045798009959980847
1186,0.0016523548867553473,0.0013831052370369434
1187,0.0007131165487226099,0.0007794693502364681
1188,0.0014492968714330345,0.0008059274323750287
1189,0.0007626102829817683,3.0132175888866188e-05
1190,0.0008463073312304914,0.00032658510317560283
1191,0.0003134038666030392,0.008243770943954587
1192,0.0018855637474916875,0.00015598694793879985
1193,0.0007452685103635304,0.00040998350246809425
1194,0.0008629723073681816,0.0004951024704496377
1195,0.00033549941086675973,0.0045058405958116055
1196,0.0001485931858769618,0.0006188346137059853
1197,5.144305643625557e-05,0.0014377541723661126
1198,0.005027361519169062,0.008199438331648707
1199,1.0718056582845747e-05,0.0002441471238489612
1200,0.0,0.00010533065302297473
1201,0.0,0.0021749102720059455
1202,9.159241453744471e-06,0.0007046600454486907
1203,0.0014372872246894985,0.0008714423311175779
1204,3.909666585968807e-05,3.253497881814838e-05
1205,0.0,0.0009966886055190116
1206,0.0011783582484349608,0.005819328965153545
1207,0.00012087402457837015,0.00011351995577570051
1208,0.0014078088299720548,0.0010678026406094432
1209,0.0005028231823234818,0.0014918883005157113
1210,3.566411731299013e-05,0.0003982131369411945
1211,0.00019600394065491855,0.00038739890267606823
1212,3.512130380840972e-05,0.001000775329885073
1213,0.0005897319526411593,0.0013150726677849888
1214,0.00033380205277353523,0.0009775975695811212
1215,4.42409873357974e-06,0.0
1216,7.554139709100128e-05,0.000799122576136142
1217,0.0005040375236421824,0.0006426547863520682
1218,1.290485612116754e-05,7.344497629674151e-05
1219,0.00022153191384859382,0.0018690353934653103
1220,0.0014184646040666848,6.045368849299848e-05
1221,0.0001841084728948772,0.0013575171073898673
1222,0.006042516874149442,0.0022764841886237265
1223,6.058984989067539e-05,7.806179346516728e-05
1224,0.0009874086786294356,0.002742538040038198
1225,0.0004276377276983112,6.775803922209889e-05
1226,0.0,0.0
1227,2.6740597677417098e-05,0.003679304216057062
1228,0.00045207352901343255,2.7090575313195585e-05
1229,0.0,0.0006995352142257616
1230,0.0,8.833576808683574e-05
1231,0.0,6.405494641512632e-06
1232,7.894807757111266e-05,0.0009034042537678033
1233,0.00023062623920850456,0.00030041708843782546
1234,0.0006529209559084847,1.6459609905723483e-05
1235,0.00024186059541534633,5.645557917887345e-05
1236,0.00023844602052122354,0.00023529159370809792
1237,0.0,6.490300875157118e-05
1238,0.0038172511430457235,0.0
1239,2.3356618767138572e-05,0.00022650894767139106
1240,0.0010000991995912046,0.0011735822318587451
1241,9.43017436657101e-05,1.2185770319774747e-05
1242,0.0012845797563204543,9.847216191701592e-05
1243,0.002027213938999921,0.0013128268241416664
1244,9.04957900638692e-05,0.0002638255932833999
1245,0.0022454385552555323,4.8485787119716405e-05
1246,0.0010547688673250377,0.00013870932190911844
1247,0.0006292206002399325,0.0002798071689903736
1248,0.00041353726061061025,0.0009311237698420883
1249,0.0008673819148680195,0.0013371442444622516
1250,0.0,0.0
1251,2.8378140123095363e-05,0.0009837144380435347
1252,4.3564061634242535e-05,0.00014573773893062026
1253,0.0007289090688573196,0.0002454279949597549
1254,0.0004605140164494514,0.004184240934555419
1255,0.0022437250200891866,0.000999167033005506
1256,0.00020211978233419358,0.00023577899963129312
1257,0.0004537342430558056,0.0
1258,3.8254534592852e-05,0.00016169744892977178
1259,0.0002392091052024625,0.00010922465065959841
1260,0.00014835870359092951,0.0
1261,8.879481814801694e-05,0.004774530213326216
1262,4.3603982776403425e-05,0.0
1263,0.0,0.00021698402240872384
1264,0.001472913421530393,0.0
1265,0.00016875403467565776,0.0
1266,4.700233694165945e-07,0.0001986364385811612
1267,0.000682074036449194,0.0008732935498119332
1268,0.0,0.00041244724503485485
1269,0.00034645744250155986,0.0
1270,0.00037230454734526574,1.816108007915318e-05
1271,7.726483745500446e-05,8.999986108392478e-05
1272,4.1196250822395084e-05,0.0007526597962714732
1273,0.0003240829496644437,0.00014736857032403349
1274,0.002683568811044097,0.0
1275,0.001018556166673079,0.00033316845307126644
1276,0.0,5.613456654828042e-05
1277,0.0005403898778604344,0.0019763326155953108
1278,0.007806247416883707,0.002374294976470992
1279,0.0,0.00027590224286541345
1280,0.0006931672035716475,0.0024711738116457126
1281,0.0,0.0001879413507413119
1282,9.91276337299496e-05,0.0
1283,0.0,1.664640731178224e-05
1284,0.0006066552840638906,0.0007440118759404867
1285,0.00011643733698292636,0.0015496779140084982
1286,2.6776641607284547e-05,0.0005806008318904787
1287,0.0005824422236764804,0.000526401840033941
1288,0.0007373946812003851,6.434876937419176e-05
1289,9.859723038971424e-05,0.0
1290,0.01081408981466666,0.0
1291,0.0001858399820048362,4.280441557057202e-05
1292,2.2311321808956565e-05,0.0013936923374421894
1293,0.0001739151816582307,0.004807548584649339
1294,2.997995470650494e-05,0.0003506872616708279
1295,0.0,0.0
1296,0.000640549577656202,0.00020061543735209854
1297,0.00017240171320736408,0.00011462502181529998
1298,0.0,0.0005824841058347374
1299,0.0,0.00040470144827850165
1300,0.0007505677948938682,0.0008939426601864398
1301,0.00016402144508901985,0.0
1302,0.000993550317361951,0.0010487876553088426
1303,6.949308677576482e-05,0.0013204215466976167
1304,2.5821206509135664e-05,6.308223004452884e-05
1305,0.0001332289446145296,0.002463291743770242
1306,0.0004553338629193604,0.0008782541938126087
1307,0.005417723013088107,0.0001639538095332682
1308,0.0006506004394032061,0.00025562640046700836
1309,0.0,0.00025265116768423467
1310,0.0018824023613706231,0.0
1311,1.6549528809264302e-05,0.001495226772967726
1312,0.000945547876181081,2.8577724006026983e-05
1313,0.0,0.0
1314,8.15068488009274e-06,0.000580072455923073
1315,0.00011703039752319455,5.043280019890517e-05
1316,0.0,0.0
1317,0.000799988895887509,1.516985212219879e-06
1318,0.00017884308006614448,0.00023442771867848933
1319,0.0,0.0002667137701064348
1320,0.0,0.00040364112588576974
1321,0.0,0.0008737965184263885
1322,0.001975185197079554,0.0
1323,3.4046671353280543e-05,0.001350447823642753
1324,0.00013648017833475023,0.0001568420117837377
1325,0.00015046071581309661,0.0006849732488626615
1326,9.516950347460807e-05,0.0
1327,0.00038017845945432783,0.0010033744684187695
1328,0.00024542959756217896,3.7903939373791216e-05
1329,0.00015048900590045378,0.0
1330,4.3981339549645783e-05,2.4716196348890663e-05
1331,0.0,0.0013648134144023062
1332,0.00014660444110631943,2.94912769459188e-05
1333,2.9862807132303714e-05,0.0
1334,0.00040941614657640456,5.138801818247885e-05
1335,0.003723639124073088,5.6779191363602874e-05
1336,3.950144513510168e-05,6.638382328674197e-06
1337,0.0,0.0
1338,0.0,0.0006150657660327852
1339,0.0,0.0010338103270623833
1340,6.2025060178712e-05,0.0004580842750146985
1341,0.0006248782761394977,2.2720459382981063e-05
1342,0.0002218157588504255,0.002172134176362306
1343,0.0002708198240725324,0.0009283306810539216
1344,0.00010799615934956818,2.7010970225092023e-05
1345,0.005564649985171854,0.0016600539069622756
1346,0.0,2.354896976612508e-05
1347,0.00015482576010981576,0.0006826315773651003
1348,0.00040078330843243746,0.00011022757622413338
1349,6.327210168819874e-05,0.003993301270529628
1350,0.002539722127839923,2.9115244396962227e-05
1351,0.0005350895947776735,0.0017397397954482586
1352,0.0,0.00040474753244780005
1353,0.0,0.0003700973792001605
1354,0.0,7.817128847818822e-05
1355,9.508669027127325e-05,3.156237886287272e-05
1356,0.0,0.000157728131453041
1357,0.00015048384084366263,0.00010343684582039714
1358,0.0,0.0
1359,0.0017328033316880464,0.0
1360,0.0005409274820704014,0.0
1361,9.536628494970501e-05,0.0
1362,0.0,0.0003877232811646536
1363,0.0,0.0
1364,0.00011618716409429908,8.398138452321292e-06
1365,9.687711717560887e-06,0.00010517751856241375
1366,0.0006037951447069645,0.00027268922422081233
1367,5.3808381780982015e-05,2.3202075681183486e-07
1368,0.0004116071091266349,0.00037302388111129406
1369,8.122493280097842e-05,0.0
1370,0.0,0.0
1371,0.0,0.0
1372,0.0,5.4299993062159045e-05
1373,0.0003154581808485091,0.002523766146041453
1374,0.0,0.00031058363150805236
1375,0.0009954952547559515,0.0007502985862083733
1376,1.728045579511672e-05,0.0009260372165590525
1377,0.001282138112001121,0.0
1378,7.006989791989326e-05,0.0
1379,0.003138965698017273,9.48114029597491e-05
1380,0.0,0.0
1381,0.0,0.0007514031673781573
1382,0.0009121161862276494,0.00015664587321225553
1383,0.0,0.00045818019905709663
1384,0.0,0.0
1385,1.920128648635e-05,1.1851442977786064e-05
1386,0.0007904113852418959,0.0005246444360818714
1387,0.0002598021645098925,3.76146484632045e-05
1388,0.0,0.001257963018724695
1389,0.0,8.248204598203301e-05
1390,0.0,0.00014632562757469714
1391,0.00034415867179632187,5.843562801601365e-05
1392,4.182846751064062e-05,0.00035941024165367705
1393,1.6878222813829778e-05,0.0003379317431244999
1394,0.0002152682514861226,0.0
1395,0.0019411454082001,0.0011056852503679693
1396,7.559218094684184e-05,0.002071266504353844
1397,0.00030839221086353063,0.0
1398,1.9173926557414233e-05,0.0
1399,0.0,0.0
1400,0.0002812421377166174,0.0008221480646170675
1401,0.00024105693330056966,4.4422511418815705e-05
1402,0.0005092607674305327,0.0
1403,0.0,0.0003848273551557213
1404,7.98458990175277e-06,0.000371324383886531
1405,0.0,0.00023730469401925803
1406,0.0,0.004717777641490102
1407,0.0,0.0004341705737169832
1408,0.000520731708384119,0.0001730532239889726
1409,0.00013920163735747337,0.00021022169094067066
1410,0.0,0.00020267889951355755
1411,0.0,0.0
1412,0.0,0.020562134869396686
1413,0.0,4.984095023246482e-05
1414,0.0006019769032718613,0.0
1415,6.60104933194816e-05,0.001675823039840907
1416,0.00010235348483547568,0.0
1417,0.00024059466828475708,0.0006259469862561673
1418,9.925408521667123e-06,6.77864340832457e-05
1419,0.0,3.448528237640858e-05
1420,6.603859219467267e-07,0.00041155222803354266
1421,0.0,0.000105669389013201
1422,0.0002748283193795942,9.590385045157745e-05
1423,0.0,0.00044292870443314315
1424,0.0,0.0
1425,0.0012778650340624154,0.0
1426,6.56842312309891e-05,0.00036163412733003497
1427,0.0,0.0006328885722905398
1428,0.0,3.2138340175151824e-05
1429,0.0,1.4944684226065874e-05
1430,4.968594759702682e-05,0.0
1431,0.0016589870653115214,1.8431241624057293e-05
1432,8.745859377086163e-06,0.000551083154277876
1433,0.0010624868143349886,0.003207269785925746
1434,0.0,2.585096633993089e-05
1435,0.0,0.0014512790588196366
1436,0.0026353951916098595,0.00030460956506431105
1437,0.00022847697604447604,0.00011321599478833377
1438,0.0017413841327652336,0.0
1439,0.0005386431398801505,9.189135278575122e-05
1440,0.0011254862591158598,0.00039878268027678134
1441,0.00015381498325950816,0.00040886683389544485
1442,0.0008407553471624852,0.0
1443,0.0,0.0
1444,9.933103166986256e-05,0.0006789382721763104
1445,0.0015481619781348855,0.0018558150110766292
1446,0.001061044145608321,1.1965904850512743e-05
1447,0.0008738977101165801,0.0
1448,0.0,0.0
1449,0.0,1.1559872073121369e-05
1450,6.779111106880009e-05,8.344128553289921e-05
1451,0.004107211806112901,4.1252622613683345e-05
1452,0.0,0.0036351652001030744
1453,9.519030718365685e-06,0.0
1454,2.884687390178442e-05,0.0020763670210726557
1455,0.0,9.530854877084493e-05
1456,0.0026302759163081644,0.0
1457,0.0,0.0
1458,5.277046700939536e-05,0.0008833871409296989
1459,8.063680812483653e-05,0.00012456116382963955
1460,0.00020723603665828705,6.937691941857337e-05
1461,0.0001848798058927059,3.295927424915135e-05
1462,0.0010375097766518592,2.6888810098171234e-05
1463,0.0,0.0001698953699087724
1464,0.0,0.0
1465,0.00044499909272417427,0.00012348715041298418
1466,0.0018154990090988577,0.0
1467,8.766541257500649e-05,0.00016325694683473559
1468,0.0,0.003363301996141672
1469,0.0,0.00040972640854306517
1470,0.0,0.0
1471,1.2968466617166996e-05,0.0
1472,6.155711598694325e-06,0.0
1473,0.0,0.00024361332296393812
1474,6.778981420211493e-05,0.0
1475,0.0,0.0014984927338082344
1476,0.0017346954788081347,0.0007215378724504262
1477,0.0,0.0
1478,0.0033506653644144535,0.0007258743338752538
1479,0.0,0.00012147680550697259
1480,0.0006463176652323454,0.00015158930676989257
1481,0.0,0.000318409371539019
1482,0.0,0.00015727268357295542
1483,0.0,0.00012050149496644735
1484,0.0,0.0
1485,0.0,0.0
1486,0.0,0.0
1487,0.0006828766447142698,0.0002743213274516165
1488,0.0009415957797318697,0.00017949705943465233
1489,0.0005155806516995654,7.131982711143792e-06
1490,0.0053283686749637125,1.1169265490025281e-05
1491,0.00023930095368996263,0.0
1492,0.0,0.00025193782348651437
1493,0.0012780807469971477,0.0
1494,0.0,0.0004825779178645462
1495,0.0019577358686365186,3.147625830024481e-06
1496,0.0,0.0
1497,0.0043677802127785985,3.449495794484392e-05
1498,0.0,0.00013506490737199783
1499,0.0,7.193482539150863e-05
1500,0.0014861537795513868,0.00019120752927847206
1501,0.0,0.004945031958632171
1502,0.0,0.00018502304097637535
1503,0.001802567858248949,8.957299753092229e-05
1504,5.206378875300288e-05,0.0
1505,7.61829485418275e-05,9.207085997331888e-05
1506,0.0006053212471306324,0.0
1507,0.0,0.0
1508,9.860672987997532e-05,0.00034038465993944554
1509,0.0007550493063172326,0.00024972357030492273
1510,0.00041806061984971164,0.0
1511,0.0005007941019721329,8.99558432865888e-05
1512,0.0,0.0007581519719678908
1513,0.0,8.44491645693779e-06
1514,0.0,0.0
1515,0.0,0.0
1516,8.758203126490117e-05,0.0
1517,4.2713143047876654e-05,0.0
1518,0.0,9.979037567973137e-05
1519,0.0,0.00014618986519053577
1520,8.853583916788921e-05,0.0025137846765574067
1521,0.0006007427768781781,1.3496659230440855e-05
1522,0.0002889505936764181,0.0
1523,0.0001242477464256808,0.0001430139155127108
1524,0.0,0.0
1525,0.0,0.001080238597933203
1526,9.479043073952198e-05,0.0
1527,0.0,0.0004745588079094887
1528,0.0003404499334283173,0.00011048739543184638
1529,2.258435357362032e-05,0.0
1530,6.180407508509234e-05,3.945351811125875e-05
1531,0.0,0.0
1532,0.0,8.332158788107335e-05
1533,0.0,0.0
1534,0.00014758805627934635,0.00021519592031836508
1535,0.00011342151439748705,0.00011031567701138555
1536,0.0,8.523502037860453e-06
1537,0.003054210422560573,5.163675523363054e-06
1538,4.792535910382867e-06,0.0
1539,4.1053639724850656e-05,0.0
1540,0.0,0.0
1541,0.0,0.0
1542,0.00018512701615691185,0.0004605818405980244
1543,0.0,0.0
1544,0.0,0.0
1545,0.0029699273314327,0.0005180599994491786
1546,0.0,0.0
1547,0.0,0.0005179115245118737
1548,1.2326643627602607e-06,6.501645606476813e-05
1549,0.0,0.0
1550,0.00017742514668498189,0.00030820431536994876
1551,0.0,0.0
1552,0.0,0.0
1553,0.000346515690907836,2.3409858113154768e-05
1554,0.0001147224591113627,3.527144726831466e-06
1555,0.0,0.00016488128923811018
1556,0.00018408323085168378,0.0
1557,0.0,0.0
1558,0.00023556527099572122,0.00022339340532198548
1559,0.0,7.116486784070731e-05
1560,0.0,0.0
1561,0.0,2.5766419421415778e-05
1562,0.0,0.0
1563,0.0,0.0
1564,0.00036323443753644825,0.00014176806987961754
1565,0.0,0.0
1566,0.0,0.0
1567,0.0025588603597134353,0.0
1568,0.0,0.0
1569,0.00021861951448954643,2.2594155743718148e-05
1570,0.0,0.0
1571,0.0,0.00023643837543204426
1572,9.774994716281071e-05,0.0
1573,0.0007931662152986974,0.002959364812122658
1574,0.0,0.0
1575,9.724514675326646e-06,0.0
1576,0.0,0.00015214208280667663
1577,0.0,4.220196860842407e-05
1578,0.0,0.0
1579,0.0005505205586086958,0.0
1580,0.0,1.7449995502829553e-05
1581,0.0,0.00012043912429362535
1582,0.0001291798785678111,3.669698548037559e-05
1583,4.52803511871025e-05,2.497418434359133e-05
1584,0.0,0.0003603171510621905
1585,0.0,0.0
1586,0.0,3.734411613550037e-05
1587,0.0007013540249317885,6.872318917885422e-06
1588,0.0,0.00045290177105925975
1589,0.0,9.882581420242787e-05
1590,0.0,0.0
1591,0.0,0.0005466662591788918
1592,0.0,0.0010646074183750897
1593,0.0,0.0
1594,0.0,0.0
1595,0.0,0.0
1596,0.0002136633198824711,0.0
1597,0.0,0.00018566907208878548
1598,0.0,4.487133119255304e-06
1599,1.4843288226984441e-05,0.0
1600,0.0,0.0002494884026236832
1601,0.0,3.298051073215902e-05
1602,0.0,0.0
1603,0.0008316404151264578,4.6910346718505025e-05
1604,0.0,2.2275001974776387e-05
1605,0.00023227601632243023,0.0012334555038250982
1606,5.484820285346359e-05,0.0
1607,4.591810517013073e-05,0.0
1608,2.2910799598321317e-05,0.0001265054420218803
1609,4.237945890054107e-05,0.0
1610,0.0,2.65593349467963e-05
1611,0.0,6.4129663951462136e-06
1612,0.0,0.001524042630335316
1613,0.0,0.0
1614,1.739810570143163e-05,0.0003457992139738053
1615,0.0,0.0
1616,0.00017018094134982676,0.0
1617,0.007874525375664234,0.0
1618,0.0,7.530964910984039e-05
1619,0.00031702869804576037,0.0019330322195310146
1620,0.0,0.0
1621,0.00017894835909828543,2.4361442774534227e-05
1622,0.0,0.0
1623,0.00022353005304466932,0.002558313802583143
1624,8.873881655745208e-05,0.0004358433239394799
1625,0.0,0.0
1626,0.00023752036853693425,0.0
1627,0.0,0.00031786916020791977
1628,0.0,0.0008937298937235028
1629,7.88167049176991e-05,0.00033154889941215514
1630,0.009086712272837758,0.0
1631,2.691179048269987e-05,0.0
1632,0.00017134984431322665,0.0006344142847228795
1633,5.4209608351811766e-05,0.001116915987804532
1634,0.0015809884812915697,0.0
1635,4.299018939491361e-05,0.00010946278460323811
1636,0.0,0.0
1637,1.035598455928266e-05,1.1679775780066847e-05
1638,4.2021034314529974e-05,0.0
1639,0.002130841234466061,0.0016817500337492674
1640,0.0,0.0
1641,0.0,0.0
1642,0.0,0.0006680595950456336
1643,0.00029077700804919004,0.0
1644,3.497249679639936e-05,0.0
1645,0.0,0.0
1646,0.0,0.0
1647,0.0,0.0
1648,0.0018522698676679283,4.5501268468797205e-05
1649,0.0,0.0
1650,0.0,5.538874538615346e-05
1651,8.762458339333534e-05,0.0
1652,0.0,0.0
1653,0.0,0.00012758683413267136
1654,0.0,0.0015405651787295937
1655,2.1134123089723287e-05,0.0
1656,9.452547994442283e-05,7.624132907949388e-05
1657,0.00020719885898870416,0.00012092601624317467
1658,6.332672724965959e-05,1.3040046906098723e-05
1659,4.264816510840319e-05,0.0
1660,0.0,0.0
1661,1.489372574724257e-05,0.0
1662,9.076526621356607e-06,0.00041402949020266536
1663,0.0,0.0
1664,7.249797228723764e-05,0.0
1665,0.0004751203040359542,0.0002588314824970439
1666,4.283622023649514e-05,0.0
1667,0.0,0.0
1668,3.862885932903737e-05,0.00014631868747528643
1669,0.0,0.0
1670,0.00011396314424928277,0.0
1671,0.0,0.0001405180088477209
1672,0.00012788861218723468,2.1859495900571348e-05
1673,0.0002855897229164839,0.0
1674,0.0,0.0
1675,0.00013924910046625883,4.818322719074786e-05
1676,0.0,0.002585528715280816
1677,5.493611562997103e-05,1.3295096578076481e-05
1678,3.6160268355160955e-05,0.0
1679,0.0,0.0
1680,9.944503311999142e-05,0.0
1681,0.0,0.0
1682,0.0,0.0
1683,0.00022683946357574314,0.0
1684,1.8325960263609885e-05,0.0
1685,5.2901306189596654e-05,0.0011123517458327115
1686,0.0,0.0016098677163245156
1687,0.0,0.00011911864101421088
1688,0.00039604380377568306,0.0
1689,1.3066568644717336e-05,1.1493733618408441e-05
1690,0.0011292837385553866,0.0
1691,0.0001511608948931098,0.0
1692,0.0,0.0
1693,0.0,0.0
1694,7.368468795903027e-06,6.0834006872028114e-05
1695,0.0,0.0
1696,0.00047182028560200707,0.0
1697,0.0,1.984819071367383e-05
1698,0.0,0.0
1699,0.0,0.0
1700,2.834552142303437e-06,3.1414271797984836e-05
1701,0.0,1.444293709937483e-05
1702,1.2441779836080968e-05,0.001443007552297786
1703,0.0,0.0
1704,0.0,0.00016693834215402602
1705,3.277132986113429e-05,0.0
1706,0.0,0.0
1707,7.3774473275989295e-06,0.0
1708,0.0,0.0
1709,0.00041671847400721163,0.0006816447363235057
1710,3.549266839399934e-05,0.00018270930624566972
1711,0.0,0.0005185912060551345
1712,0.0013440390583127737,0.0004334633890539408
1713,0.0,0.00012740376754663885
1714,9.014188544824719e-06,0.0
1715,6.631556287175045e-05,1.1428516590967775e-05
1716,0.0,0.0
1717,0.0,0.0
1718,0.0,0.0
1719,0.0,0.0
1720,2.3709244560450314e-05,0.0
1721,0.0,0.0
1722,0.0,0.0013738417677814142
1723,0.0,1.872630120487884e-05
1724,3.070163889788091e-05,0.0002390468865633011
1725,0.0,0.00020771575160324573
1726,5.528172885533422e-05,0.0002416101808194071
1727,0.0013400852167978882,0.0
1728,1.4029612066224217e-05,5.5489507503807544e-05
1729,0.0,0.0
1730,0.0,0.0
1731,1.5159236791078e-05,0.0
1732,2.0060189999639988e-05,0.00016487710934597998
1733,3.71684214042034e-05,0.0
1734,0.0,0.0007513068604748696
1735,1.6708848415873946e-05,0.0
1736,0.0,5.8621398638933895e-05
1737,0.0009193482156842947,5.6478794431313875e-05
1738,0.00017745720862876623,0.0
1739,0.0,1.2182551436126233e-05
1740,0.0,0.0
1741,0.0,0.0
1742,0.0,0.0
1743,0.00012452577066142113,0.0
1744,0.0,0.000231322210165672
1745,0.0,0.0
1746,7.753104204311966e-05,2.9850496212020516e-05
1747,0.0,0.0006444608961464838
1748,0.0,0.00011767702992074191
1749,0.0,0.00016850139247253537
1750,0.0,1.3782015885226429e-05
1751,0.0,9.456421284994576e-05
1752,0.0,0.0
1753,0.0,0.0
1754,0.0,6.772769149392843e-05
1755,0.00012048452801536768,0.00012133215554058552
1756,0.0,0.0
1757,0.0,0.0
1758,0.0,1.2819846742786468e-05
1759,0.0,0.0012055007135495543
1760,0.0,0.0
1761,6.994534051045775e-06,5.884357960894704e-05
1762,0.0,0.0
1763,0.0,0.0
1764,0.0,0.0
1765,0.0,0.0
1766,0.0,4.0432695532217624e-05
1767,0.0,0.0
1768,0.0,0.0
1769,3.881478449329734e-05,0.00010131018701940775
1770,0.0017791440361179412,0.0
1771,0.0,0.00010580476257018745
1772,5.6794596603140234e-05,0.0
1773,0.0003437240910716355,0.0
1774,0.006131751337088645,0.0
1775,0.0002404721680795774,0.0
1776,0.0,0.0
1777,0.0005078726628562436,0.0
1778,0.0,0.0
1779,0.006790484280791134,0.0
1780,3.577211638912559e-05,9.145521908067167e-06
1781,0.0,0.0
1782,0.0,0.0
1783,0.0,0.0020503097167238592
1784,0.0,2.6504225097596645e-05
1785,0.0015291155618615449,0.0
1786,0.0017059060925384984,0.0008145085792057216
1787,0.0,0.0003467823227401823
1788,0.0,0.00026529859169386325
1789,0.0,2.7478341944515706e-05
1790,0.0,1.0015428997576237e-05
1791,0.0,0.0
1792,4.0780639974400404e-05,0.0
1793,0.0,1.7954573268070815e-05
1794,6.938815349712967e-05,0.0009156478475779295
1795,0.0002480467059649527,0.0
1796,0.0,0.007208214998245239
1797,0.0006820015818811954,0.0
1798,0.0,0.00017614628421142698
1799,0.00013019656587857754,0.0
1800,2.0119615364819764e-05,0.0001457487017614767
1801,0.00018334052787395195,0.00037084814626723526
1802,0.0010836899606510998,0.004435119042173028
1803,0.0,0.001614100825972855
1804,0.0001257065770914778,3.146435832604766e-05
1805,0.0002778749167919159,0.0
1806,0.0,0.0
1807,6.330958567559719e-05,9.749446297064424e-05
1808,7.867406005971134e-05,0.0
1809,0.0,0.0
1810,0.0,0.0003041186521295458
1811,0.00013617340591736137,4.689161200076342e-05
1812,0.0,0.00012206073966808617
1813,0.0,1.4632090460509061e-05
1814,0.0021602169578545725,0.0
1815,1.7867739079520105e-05,3.165303962305188e-05
1816,0.0,0.0
1817,0.0,0.0
1818,1.3637624215334654e-05,0.0002919010957702994
1819,0.0,0.0
1820,0.0004454949637874961,8.762259385548532e-06
1821,2.3399639467243105e-05,0.0
1822,0.0,0.0
1823,0.0,0.0
1824,0.0,7.330867112614214e-05
1825,0.0,0.0
1826,0.0001024420652538538,4.399341414682567e-05
1827,0.0002776378340786323,0.0
1828,0.0,1.1614662944339217e-05
1829,0.0,0.00031252243556082246
1830,0.0,2.1325398702174425e-05
1831,0.000300233707530424,5.8374483487568795e-05
1832,2.159778494387865e-05,0.0
1833,0.0,0.0
1834,0.00035245172679424284,5.376877088565379e-05
1835,0.0005299277114681899,0.0
1836,0.0,8.406949345953763e-06
1837,0.00010940202453639358,0.00015496258856728673
1838,0.0,0.0
1839,0.0,0.0
1840,0.0,0.0
1841,0.0001494406338315457,2.509207231923938e-05
1842,0.0,3.340819850564003e-05
1843,2.8148904675617814e-05,0.0
1844,0.0,0.0
1845,0.0,0.0
1846,0.0,6.66124455165118e-05
1847,0.0,0.0
1848,8.157574920915068e-06,0.0
1849,0.00025298127089627085,0.0
1850,3.865298116579652e-05,1.74912839429453e-05
1851,0.0,0.0
1852,0.0,0.0
1853,2.132014255039394e-05,0.0
1854,0.0,4.65871038613841e-06
1855,0.0,5.5994995054788884e-05
1856,0.000105281388387084,0.0014367696223780513
1857,0.0,0.0
1858,0.0,0.0
1859,0.0,0.0
1860,0.0,0.0026434256904758514
1861,0.0002153941069263965,4.702125210314989e-05
1862,0.0,0.0005974628211697563
1863,0.0,0.0
1864,0.0002540377515833825,3.746186848729849e-05
1865,2.9973142081871627e-05,0.00038496783934533597
1866,0.0004989214730449021,0.0
1867,0.0,3.980231296736747e-05
1868,0.00037186384201049806,0.0
1869,0.0,0.0
1870,0.0,0.0
1871,0.00036333958880277353,0.0
1872,0.0,0.0
1873,0.0002422800939530134,0.0003167900172411464
1874,0.0,0.0
1875,0.0003215483785606921,0.0
1876,0.0,0.0
1877,5.1051523769274354e-05,0.0
1878,0.00015811425168067218,0.0
1879,0.0,0.0
1880,0.0,0.0
1881,3.1908717937767504e-05,4.5414383057504894e-05
1882,8.227331039961427e-05,0.0
1883,0.0,0.0
1884,0.0,0.0
1885,0.0,0.0
1886,0.0,0.0016377447545528412
1887,0.0,0.0
1888,0.002193930882494897,0.0
1889,0.0,0.0
1890,0.0,0.0
1891,0.0007464817736763508,0.0010850502923130988
1892,0.0,0.0
1893,3.368781239259988e-05,0.0
1894,0.0,2.061543054878712e-05
1895,1.5679869102314113e-05,0.0
1896,0.0003239139728248119,4.822397138923407e-05
1897,0.0,0.0
1898,0.0,0.0
1899,0.0012535233912058174,5.090498889330775e-05
1900,0.0,0.00018855043221265076
1901,0.0,0.0002846771967597306
1902,0.0,0.0
1903,0.0,3.4263787092640996e-05
1904,0.00010521067073568702,4.644694097805768e-05
1905,0.0,1.4611045771744103e-05
1906,0.0,0.0
1907,0.0,0.0
1908,0.0,0.0
1909,0.0,0.0
1910,0.011655705403536559,4.1865963430609555e-05
1911,0.0,0.00011133591528050601
1912,0.0,0.0
1913,4.132312722504139e-05,0.0
1914,0.0,0.0
1915,0.0,0.0
1916,0.0,0.0
1917,0.0,0.0
1918,0.0,0.0
1919,5.267717177048326e-05,3.11810988932848e-06
1920,3.313917899504304e-05,0.0
1921,0.0,0.0
1922,0.0001625485485419631,0.0
1923,0.0002213294809916988,0.000510997527744621
1924,0.0,0.0
1925,6.1981403268873695e-06,7.681739458348602e-05
1926,0.0,0.0
1927,0.0,0.0
1928,0.0,0.0005755492311436683
1929,2.7901933062821627e-05,0.00026206114562228323
1930,0.0,0.0
1931,0.0,0.0
1932,0.0,0.0
1933,0.0,0.0
1934,0.0,0.002793029183521867
1935,0.0,6.202130462042987e-06
1936,0.0,0.0
1937,5.174141377210617e-05,0.0
1938,0.0,0.0
1939,0.0,0.0
1940,1.6933605656959117e-05,0.0009473832219373435
1941,0.00044845616444945337,0.0
1942,0.0,0.0
1943,0.0,0.0
1944,0.0,0.0
1945,0.0,0.00038698541466146706
1946,0.0,0.0
1947,0.0,0.0
1948,6.751246110070497e-05,0.0
1949,0.0001234996481798589,0.0
1950,0.0,0.0
1951,9.059913631062955e-05,0.0
1952,0.0,0.00017990085761994125
1953,0.0,0.0
1954,0.0,1.758919795975089e-05
1955,0.00010541576193645597,0.0
1956,0.0007706533692544326,0.0
1957,0.0,4.223007708787918e-05
1958,0.0,0.0
1959,0.0,8.451873902231454e-05
1960,0.0,0.0001376354822423309
1961,0.0005735785863362253,0.0
1962,4.875348415225744e-05,1.555505907163024e-05
1963,0.0,0.0
1964,0.0,7.718835258856415e-06
1965,0.0,0.00010837006848305464
1966,0.0,0.0
1967,0.0,0.0
1968,1.3311435468494892e-05,0.0
1969,0.0002507879585027695,0.0
1970,0.0,0.0
1971,0.0,0.0
1972,0.0,0.0
1973,0.0,0.0
1974,0.0,0.0
1975,0.001663245522067882,0.0
1976,0.0,0.0
1977,0.0,0.0
1978,0.0,0.0
1979,0.0,7.50395015347749e-05
1980,0.0,0.0
1981,8.557538967579603e-06,0.0
1982,0.0,0.0
1983,0.003324304446578026,0.0
1984,0.0,0.0
1985,0.0,1.4219920267350971e-05
1986,0.0,0.0
1987,0.0006918603228405118,1.324010081589222e-05
1988,0.0,0.0
1989,0.0,5.0967939314432444e-05
1990,0.0,0.0
1991,0.0,0.0010822703340090812
1992,0.0,0.0
1993,0.0,0.0
1994,1.8561425094958394e-05,0.00039148508629295977
1995,0.0,0.0
1996,0.0,0.0
1997,0.0,0.0
1998,0.0001612198678776622,0.0
1999,0.0,0.0001321225636638701
2000,0.0,0.0
2001,1.7412441666238008e-05,0.003036393679212779
2002,0.0005748725475859828,0.0003141000587493181
2003,0.0,0.0
2004,0.0,0.0
2005,1.5419097908306868e-05,0.0
2006,0.0,0.0
2007,9.2843595193699e-05,0.0
2008,0.00013391316111665218,0.0012436879519373179
2009,0.0,0.0003955235448665917
2010,0.0,0.0
2011,0.0,0.0
2012,0.0,0.0
2013,0.00038094318471848965,6.057940190657973e-05
2014,0.0,0.00039366492070257663
2015,4.8376609047409144e-05,0.0
2016,0.0009179831552319228,0.003783585736528039
2017,0.00036432299704756586,4.3897205614484845e-06
2018,0.0,0.0005168965604389086
2019,0.0013313931529410183,0.0004721133247949183
2020,0.002823350033722818,0.0
2021,7.14190723374486e-05,8.174997055903077e-06
2022,0.0,0.0
2023,0.0,0.0
2024,0.00031574940774589774,0.0008354095165850595
2025,0.0,0.0
2026,0.0,0.0
2027,2.0120423287153243e-05,0.0
2028,0.0,0.001275664265267551
2029,7.751723052933811e-05,0.0
2030,0.00012744458857923745,1.5145963989198207e-05
2031,2.8724470757879316e-06,0.000196285032434389
2032,1.851905428338796e-05,0.0
2033,0.0,0.0
2034,0.0,0.0
2035,0.0,0.0
2036,0.00022992091020569206,7.02320085838437e-05
2037,0.0,0.0
2038,0.0,0.0
2039,0.0,0.00014186125947162508
2040,0.0,5.095308413729071e-05
2041,1.2657790211960673e-05,0.0002758902101777494
2042,0.0,0.0
2043,0.0,1.1912997942999936e-05
2044,0.0012102300254628062,0.0
2045,1.7010701121762395e-05,0.0006775156687945128
2046,0.004078323373105377,0.0
2047,0.0,0.0
2048,0.0,0.0
2049,0.0,0.00024493141565471886
2050,0.0,0.0
2051,0.0,0.0
2052,0.0,4.204516764730215e-05
2053,0.0036308732023462654,0.0
2054,0.0,0.00028211689204908906
2055,0.0,0.0
2056,0.00016947749711107463,0.0
2057,0.0,1.9418627489358186e-05
2058,5.6492859730497e-05,0.0
2059,1.1039968812838197e-05,0.0
2060,0.0,0.0
2061,0.0,0.0
2062,0.0,0.0
2063,0.0,1.1677873553708195e-05
2064,2.7755674673244356e-05,0.00026731630321592093
2065,2.5445643113926053e-05,0.0
2066,0.0,0.0
2067,3.55081568704918e-05,5.1657236181199554e-05
2068,0.0,6.448593456298112e-05
2069,0.0004408549703657627,0.0
2070,0.0,0.0005673978803679347
2071,7.244288339279592e-05,0.0003777581523172557
2072,0.0,0.0
2073,0.0,0.0
2074,0.0004080755932955071,0.0
2075,0.0,0.0
2076,0.0,0.0
2077,0.0,0.0
2078,0.00040921829524450006,0.0
2079,0.0,0.0
2080,0.0,0.0009258098620921374
2081,0.0,0.0
2082,0.0,0.0
2083,0.0,0.0
2084,0.0001743463147431612,0.0
2085,2.402898157015443e-05,0.0
2086,0.0,6.52352231554687e-06
2087,0.0002820886544941459,0.0
2088,0.0,0.0
2089,0.0,0.0
2090,0.0,0.0001969849015586078
2091,2.7550843078643084e-05,0.0
2092,0.0,0.0
2093,0.0,0.0
2094,0.0003036992228589952,0.0
2095,0.00020106251642573625,0.0
2096,0.0,0.0
2097,0.0,0.0
2098,0.001015868573449552,0.0008234911470208317
2099,0.0,0.0
2100,0.0,0.0
2101,0.0,2.0060737151652576e-05
2102,0.0,0.0
2103,0.0007071709632873536,4.811826947843656e-05
2104,7.371915969997645e-05,0.0005956863984465599
2105,3.078793408349157e-05,0.0
2106,0.0,0.0001534772606100887
2107,1.379716326482594e-05,2.3987607564777137e-05
2108,0.0,0.0
2109,0.0005300319357775152,1.1284418869763613e-05
2110,0.0,7.610718021169304e-05
2111,0.0,0.0
2112,1.0138873476535081e-05,0.00035307068232214077
2113,0.0,0.0
2114,0.0,0.0
2115,0.0,0.0
2116,0.0005158495047362521,0.0
2117,0.0010156238480703906,0.0
2118,0.0,0.0
2119,0.0005002817139029503,1.142954220995307e-05
2120,0.0,0.0
2121,0.0,0.0
2122,0.0,0.0
2123,2.1252522710710764e-05,0.0
2124,0.0,6.607162940781563e-05
2125,0.0,0.0
2126,0.0,0.0
2127,0.0,0.0
2128,0.0,0.0
2129,0.0,0.0
2130,0.0,0.0008691161987371743
2131,0.0006168092595180497,0.00023288185941055416
2132,3.724051057361066e-05,0.00036225615069270135
2133,0.0001275806874036789,0.00017267635092139245
2134,0.0,0.0
2135,0.0,0.0
2136,0.0,0.0
2137,0.0,0.0001571919268462807
2138,0.0,0.0
2139,0.0,3.480577957816422e-05
2140,0.0,1.108342781662941e-05
2141,0.001100014094263315,0.0
2142,0.0001297087490092963,0.0005477525893365964
2143,0.0,0.0005087314685806632
2144,0.0,0.0
2145,0.0,0.0
2146,9.114656713791192e-05,0.00044752044952474536
2147,0.00013292735908180476,0.0
2148,0.004845190539490432,0.002727590658469126
2149,0.0,0.0
2150,0.0,5.396184045821428e-05
2151,9.984117466956377e-05,0.0
2152,0.0014121748018078506,0.00042858870641794057
2153,0.0,0.0007508935674559325
2154,0.0,0.0
2155,1.4331944985315204e-05,0.00013941747485660016
2156,0.0,0.0
2157,0.00012989715964067727,0.0
2158,0.0,0.0
2159,0.0,5.494920420460403e-05
2160,0.0002341174439061433,0.0
2161,1.2620952911674977e-05,0.0
2162,0.0,0.0
2163,0.0,0.0
2164,0.0,0.0
2165,0.0,1.2308768345974386e-05
2166,0.0008022155647631735,0.0
2167,0.0,0.0
2168,0.0003003148455172777,0.0
2169,0.0,0.0
2170,0.0,0.0
2171,0.00030219437088817357,5.374265136197209e-05
2172,0.0,0.0
2173,7.993127917870879e-05,0.0
2174,0.0,0.0001377596170641482
2175,0.0,0.0
2176,0.0,0.0
2177,0.0,0.000485368596855551
2178,3.0932996596675364e-05,0.0
2179,0.00016428797505795955,0.0
2180,0.0,5.024951067753136e-05
2181,0.0,0.0
2182,0.0,0.0
2183,0.0,0.0
2184,0.0,0.0
2185,0.0017051588208414614,0.0
2186,2.4224663502536713e-06,0.0
2187,0.0,0.0
2188,0.00219169300282374,0.0
2189,0.0,0.0
2190,0.0,0.0
2191,9.779468644410371e-05,0.0
2192,0.0,0.0
2193,7.628932711668312e-05,0.0
2194,0.0,6.0876645147800445e-06
2195,0.0022873098496347666,9.694271720945836e-06
2196,0.0,0.0
2197,5.080807604826987e-06,0.0
2198,0.0,0.00017235890496522188
2199,0.0,0.0
2200,0.0,0.0
2201,0.0,0.00024392261519096792
2202,0.0,0.0
2203,0.0006222592003177852,0.0
2204,1.4566569589078427e-05,3.903230186551809e-05
2205,0.0,0.0
2206,0.0,0.0
2207,0.0,0.0
2208,6.610684795305133e-05,0.00015211567864753306
2209,0.0,0.0
2210,0.0,0.0
2211,0.00015580740524455904,0.0
2212,0.0,0.0
2213,0.0,0.0
2214,0.0,4.494911176152527e-05
2215,0.0,7.951375737320632e-06
2216,0.0,0.0
2217,0.0,0.0
2218,0.0,0.0
2219,0.0,0.0
2220,0.0,0.0
2221,0.0,0.0
2222,0.0,0.0
2223,0.0,9.150025143753738e-05
2224,0.0,0.0
2225,0.0,0.0
2226,4.782425239682198e-05,7.356407004408538e-06
2227,0.001222190975677222,0.0
2228,0.0,0.0
2229,1.2752906186506153e-05,0.00027152261347509923
2230,0.00036153242224827407,0.0
2231,0.00014412387274205683,0.0
2232,0.0,0.0
2233,0.0,5.665613804012537e-05
2234,0.0,0.0
2235,0.0,0.0
2236,7.749008713290096e-05,0.0
2237,0.0,0.0
2238,4.671695060096681e-06,0.0
2239,0.0011079111113213003,0.0
2240,0.0,0.0
2241,0.0,0.0
2242,0.0,0.0
2243,0.0,0.0
2244,0.0,0.0
2245,0.0,0.0
2246,0.00030084004160016773,0.0
2247,0.0,0.0
2248,0.0,0.0
2249,0.0,0.0
2250,0.0,0.0
2251,0.0,0.0
2252,0.0,0.0
2253,0.0,0.0
2254,7.572415051981807e-05,0.0
2255,0.0,1.5510853845626116e-05
2256,9.582145605236292e-05,0.0012460475746775045
2257,0.0,0.0
2258,0.0,0.0
2259,0.0,0.0
2260,0.0,0.0
2261,0.00019613818498328327,8.147508080583066e-05
2262,8.38108523748815e-05,0.0002232536196243018
2263,0.0,0.0
2264,0.0,0.0
2265,0.0,0.0
2266,0.0,0.0
2267,0.00020456824451684953,0.0
2268,0.0,0.0
2269,0.0,0.0
2270,0.0,0.0002049552055541426
2271,0.00044601368717849254,0.0
2272,0.0,0.0
2273,0.0,2.526892814785242e-05
2274,9.35624702833593e-06,0.0
2275,0.002770059221656993,0.0
2276,0.0,1.339481679679011e-05
2277,0.0,1.120442437240854e-05
2278,0.0,0.0
2279,0.00019864587695337833,0.00011351712048053742
2280,0.0,0.000941598165081814
2281,0.0,0.0
2282,0.0,4.5600966550409795e-05
2283,0.0,0.0
2284,2.7098385035060347e-05,1.2384499423205852e-05
2285,0.00013640927616506815,0.0003631985606625676
2286,0.0,3.287773579359054e-05
2287,0.0010837609926238655,0.0
2288,0.0,0.0
2289,0.0,0.0
2290,0.0,1.706985058262944e-05
2291,0.0,0.0005538891279138625
2292,0.0,4.283062182366848e-05
2293,0.0020261131634470076,0.0035875052399933337
2294,0.0,0.0
2295,0.0,0.00017887133872136475
2296,0.00044087715796194973,0.0
2297,8.179214200936257e-06,0.0
2298,0.0,5.7193164248019454e-05
2299,7.295118644833565e-05,0.0
2300,0.0,0.0002583169541321695
2301,0.0019098073849454522,0.0
2302,0.0,0.0
2303,8.639112347736954e-05,0.0
